"plan_sponsor_clean","plan_type_clean","valuation_year","grade_letter"
"ALTAMONTE SPRINGS","G",2007,"A"
"ALTAMONTE SPRINGS","G",2009,"A"
"ALTAMONTE SPRINGS","G",2010,"A"
"ALTAMONTE SPRINGS","G",2011,"A"
"ALTAMONTE SPRINGS","G",2012,"A"
"ALTAMONTE SPRINGS","G",2013,"A"
"ALTAMONTE SPRINGS","G",2014,"A"
"ALTAMONTE SPRINGS","G",2015,"A"
"ALTAMONTE SPRINGS","G",2016,"A"
"ALTAMONTE SPRINGS","P",2009,"C"
"ALTAMONTE SPRINGS","P",2011,"B"
"ALTAMONTE SPRINGS","P",2012,"A"
"ALTAMONTE SPRINGS","P",2013,"A"
"ALTAMONTE SPRINGS","P",2015,"A"
"APOPKA","F",2005,"A"
"APOPKA","F",2006,"A"
"APOPKA","F",2007,"A"
"APOPKA","F",2009,"A"
"APOPKA","F",2010,"A"
"APOPKA","F",2011,"B"
"APOPKA","F",2013,"A"
"APOPKA","F",2015,"A"
"APOPKA","G",2005,"B"
"APOPKA","G",2006,"A"
"APOPKA","G",2007,"A"
"APOPKA","G",2009,"A"
"APOPKA","G",2011,"C"
"APOPKA","G",2013,"A"
"APOPKA","G",2015,"B"
"APOPKA","P",2005,"B"
"APOPKA","P",2006,"B"
"APOPKA","P",2007,"B"
"APOPKA","P",2009,"B"
"APOPKA","P",2010,"B"
"APOPKA","P",2011,"C"
"APOPKA","P",2013,"A"
"APOPKA","P",2014,"A"
"APOPKA","P",2015,"A"
"ARCADIA","G",2016,"B"
"ARCADIA","PF",2005,"A"
"ARCADIA","PF",2006,"B"
"ARCADIA","PF",2007,"B"
"ARCADIA","PF",2008,"B"
"ARCADIA","PF",2009,"B"
"ARCADIA","PF",2010,"C"
"ARCADIA","PF",2011,"D"
"ARCADIA","PF",2012,"D"
"ARCADIA","PF",2013,"C"
"ARCADIA","PF",2014,"C"
"ARCADIA","PF",2015,"B"
"ARCADIA","PF",2016,"B"
"ATLANTIC BEACH","G",2005,"B"
"ATLANTIC BEACH","G",2007,"B"
"ATLANTIC BEACH","G",2008,"B"
"ATLANTIC BEACH","G",2009,"B"
"ATLANTIC BEACH","G",2010,"C"
"ATLANTIC BEACH","G",2011,"C"
"ATLANTIC BEACH","G",2012,"C"
"ATLANTIC BEACH","G",2013,"C"
"ATLANTIC BEACH","G",2014,"C"
"ATLANTIC BEACH","G",2015,"C"
"ATLANTIC BEACH","P",2005,"C"
"ATLANTIC BEACH","P",2007,"C"
"ATLANTIC BEACH","P",2008,"D"
"ATLANTIC BEACH","P",2009,"D"
"ATLANTIC BEACH","P",2010,"D"
"ATLANTIC BEACH","P",2011,"D"
"ATLANTIC BEACH","P",2012,"D"
"ATLANTIC BEACH","P",2013,"D"
"ATLANTIC BEACH","P",2014,"C"
"ATLANTIC BEACH","P",2015,"C"
"ATLANTIC BEACH","P",2016,"C"
"ATLANTIS","P",2005,"A"
"ATLANTIS","P",2006,"A"
"ATLANTIS","P",2008,"C"
"ATLANTIS","P",2011,"D"
"ATLANTIS","P",2014,"C"
"AUBURNDALE","F",2011,"D"
"AUBURNDALE","F",2012,"C"
"AUBURNDALE","F",2013,"C"
"AUBURNDALE","F",2014,"C"
"AUBURNDALE","F",2015,"C"
"AUBURNDALE","F",2016,"C"
"AUBURNDALE","G",2010,"C"
"AUBURNDALE","G",2011,"D"
"AUBURNDALE","G",2012,"D"
"AUBURNDALE","G",2013,"D"
"AUBURNDALE","G",2015,"D"
"AUBURNDALE","G",2016,"D"
"AVENTURA","P",2007,"B"
"AVENTURA","P",2009,"B"
"AVENTURA","P",2012,"A"
"AVENTURA","P",2014,"A"
"AVENTURA","P",2016,"A"
"AVON PARK","F",2005,"A"
"AVON PARK","F",2006,"B"
"AVON PARK","F",2007,"A"
"AVON PARK","F",2008,"B"
"AVON PARK","F",2009,"C"
"AVON PARK","F",2010,"C"
"AVON PARK","F",2011,"D"
"AVON PARK","F",2012,"C"
"AVON PARK","F",2013,"C"
"AVON PARK","F",2015,"C"
"AVON PARK","F",2016,"C"
"AVON PARK","P",2007,"A"
"AVON PARK","P",2008,"A"
"AVON PARK","P",2009,"A"
"AVON PARK","P",2010,"B"
"AVON PARK","P",2011,"B"
"AVON PARK","P",2013,"A"
"AVON PARK","P",2015,"A"
"AVON PARK","P",2016,"A"
"BAL HARBOUR VILLAGE","G",2008,"C"
"BAL HARBOUR VILLAGE","G",2010,"C"
"BAL HARBOUR VILLAGE","G",2012,"C"
"BAL HARBOUR VILLAGE","G",2014,"C"
"BAL HARBOUR VILLAGE","G",2015,"C"
"BAL HARBOUR VILLAGE","P",2005,"D"
"BAL HARBOUR VILLAGE","P",2006,"F"
"BAL HARBOUR VILLAGE","P",2007,"F"
"BAL HARBOUR VILLAGE","P",2009,"F"
"BAL HARBOUR VILLAGE","P",2010,"F"
"BAL HARBOUR VILLAGE","P",2011,"F"
"BAL HARBOUR VILLAGE","P",2012,"D"
"BAL HARBOUR VILLAGE","P",2013,"D"
"BAL HARBOUR VILLAGE","P",2014,"D"
"BAL HARBOUR VILLAGE","P",2015,"D"
"BAL HARBOUR VILLAGE","P",2016,"D"
"BARTOW","G",2006,"A"
"BARTOW","G",2008,"C"
"BARTOW","G",2010,"D"
"BARTOW","G",2011,"D"
"BARTOW","G",2012,"C"
"BARTOW","G",2013,"C"
"BARTOW","G",2014,"C"
"BARTOW","G",2015,"C"
"BARTOW","G",2016,"C"
"BARTOW","P",2010,"D"
"BARTOW","P",2011,"D"
"BARTOW","P",2012,"D"
"BARTOW","P",2013,"C"
"BARTOW","P",2015,"C"
"BARTOW","P",2016,"C"
"BAY HARBOR ISLANDS","G",2011,"B"
"BAY HARBOR ISLANDS","G",2013,"A"
"BAY HARBOR ISLANDS","G",2014,"A"
"BAY HARBOR ISLANDS","G",2015,"A"
"BAY HARBOR ISLANDS","P",2011,"C"
"BAY HARBOR ISLANDS","P",2013,"A"
"BAY HARBOR ISLANDS","P",2014,"A"
"BAY HARBOR ISLANDS","P",2015,"A"
"BAY MEDICAL CENTER","G",2010,"A"
"BAY MEDICAL CENTER","G",2011,"A"
"BAY MEDICAL CENTER","G",2013,"C"
"BAY MEDICAL CENTER","G",2014,"C"
"BAY MEDICAL CENTER","G",2015,"C"
"BAY MEDICAL CENTER","G",2016,"D"
"BELLE GLADE","F",2005,"A"
"BELLE GLADE","G",2005,"A"
"BELLE GLADE","G",2006,"A"
"BELLE GLADE","G",2008,"A"
"BELLE GLADE","G",2009,"A"
"BELLE GLADE","G",2010,"A"
"BELLE GLADE","P",2005,"A"
"BELLEVIEW","P",2007,"B"
"BELLEVIEW","P",2008,"B"
"BELLEVIEW","P",2009,"B"
"BELLEVIEW","P",2010,"C"
"BELLEVIEW","P",2011,"C"
"BELLEVIEW","P",2012,"C"
"BELLEVIEW","P",2013,"B"
"BELLEVIEW","P",2015,"A"
"BELLEVIEW","P",2016,"A"
"BOCA RATON","G",2008,"A"
"BOCA RATON","G",2009,"A"
"BOCA RATON","G",2010,"A"
"BOCA RATON","G",2011,"A"
"BOCA RATON","G",2012,"A"
"BOCA RATON","G",2013,"A"
"BOCA RATON","G",2014,"A"
"BOCA RATON","G",2015,"A"
"BOCA RATON","PF",2008,"B"
"BOCA RATON","PF",2010,"D"
"BOCA RATON","PF",2011,"D"
"BOCA RATON","PF",2012,"D"
"BOCA RATON","PF",2013,"D"
"BOCA RATON","PF",2014,"D"
"BOCA RATON","PF",2015,"D"
"BOCA RATON","PF",2016,"D"
"BOCA RATON EXECUTIVE","G",2008,"C"
"BOCA RATON EXECUTIVE","G",2010,"C"
"BOCA RATON EXECUTIVE","G",2011,"F"
"BOCA RATON EXECUTIVE","G",2012,"C"
"BOCA RATON EXECUTIVE","G",2013,"C"
"BOCA RATON EXECUTIVE","G",2014,"C"
"BOCA RATON EXECUTIVE","G",2015,"C"
"BOYNTON BEACH","F",2006,"D"
"BOYNTON BEACH","F",2008,"D"
"BOYNTON BEACH","F",2009,"D"
"BOYNTON BEACH","F",2010,"F"
"BOYNTON BEACH","F",2011,"F"
"BOYNTON BEACH","F",2012,"D"
"BOYNTON BEACH","F",2013,"C"
"BOYNTON BEACH","F",2014,"C"
"BOYNTON BEACH","F",2015,"C"
"BOYNTON BEACH","F",2016,"C"
"BOYNTON BEACH","G",2005,"B"
"BOYNTON BEACH","G",2008,"C"
"BOYNTON BEACH","G",2009,"C"
"BOYNTON BEACH","G",2011,"C"
"BOYNTON BEACH","G",2012,"C"
"BOYNTON BEACH","G",2013,"C"
"BOYNTON BEACH","G",2014,"B"
"BOYNTON BEACH","G",2015,"B"
"BOYNTON BEACH","G",2016,"B"
"BOYNTON BEACH","P",2008,"D"
"BOYNTON BEACH","P",2009,"F"
"BOYNTON BEACH","P",2010,"F"
"BOYNTON BEACH","P",2011,"F"
"BOYNTON BEACH","P",2012,"C"
"BOYNTON BEACH","P",2013,"C"
"BOYNTON BEACH","P",2014,"C"
"BOYNTON BEACH","P",2015,"C"
"BOYNTON BEACH","P",2016,"C"
"BRADENTON","F",2005,"B"
"BRADENTON","F",2006,"C"
"BRADENTON","F",2007,"B"
"BRADENTON","F",2008,"D"
"BRADENTON","F",2009,"D"
"BRADENTON","F",2010,"D"
"BRADENTON","F",2011,"D"
"BRADENTON","F",2012,"D"
"BRADENTON","F",2013,"D"
"BRADENTON","F",2014,"C"
"BRADENTON","F",2015,"B"
"BRADENTON","F",2016,"B"
"BRADENTON","P",2005,"B"
"BRADENTON","P",2006,"B"
"BRADENTON","P",2007,"B"
"BRADENTON","P",2008,"B"
"BRADENTON","P",2009,"B"
"BRADENTON","P",2010,"C"
"BRADENTON","P",2011,"C"
"BRADENTON","P",2012,"D"
"BRADENTON","P",2013,"C"
"BRADENTON","P",2014,"B"
"BRADENTON","P",2015,"B"
"BRADENTON","P",2016,"B"
"BROOKSVILLE","F",2005,"C"
"BROOKSVILLE","F",2006,"B"
"BROOKSVILLE","F",2007,"C"
"BROOKSVILLE","F",2008,"C"
"BROOKSVILLE","F",2009,"C"
"BROOKSVILLE","F",2010,"D"
"BROOKSVILLE","F",2011,"D"
"BROOKSVILLE","F",2012,"D"
"BROOKSVILLE","F",2013,"D"
"BROOKSVILLE","F",2014,"C"
"BROOKSVILLE","F",2015,"B"
"BROOKSVILLE","F",2016,"B"
"BUNNELL","F",2005,"A"
"BUNNELL","F",2008,"A"
"BUNNELL","F",2010,"A"
"BUSHNELL","G",2006,"A"
"BUSHNELL","G",2008,"B"
"BUSHNELL","G",2009,"B"
"BUSHNELL","G",2011,"B"
"BUSHNELL","G",2012,"A"
"BUSHNELL","G",2013,"A"
"BUSHNELL","G",2014,"A"
"BUSHNELL","G",2015,"A"
"BUSHNELL","G",2016,"A"
"CAPE CORAL","F",2005,"C"
"CAPE CORAL","F",2006,"C"
"CAPE CORAL","F",2007,"C"
"CAPE CORAL","F",2008,"D"
"CAPE CORAL","F",2009,"D"
"CAPE CORAL","F",2010,"F"
"CAPE CORAL","F",2011,"F"
"CAPE CORAL","F",2012,"D"
"CAPE CORAL","F",2013,"D"
"CAPE CORAL","F",2014,"C"
"CAPE CORAL","F",2015,"C"
"CAPE CORAL","F",2016,"C"
"CAPE CORAL","G",2005,"B"
"CAPE CORAL","G",2006,"B"
"CAPE CORAL","G",2008,"C"
"CAPE CORAL","G",2009,"C"
"CAPE CORAL","G",2010,"F"
"CAPE CORAL","G",2011,"F"
"CAPE CORAL","G",2012,"C"
"CAPE CORAL","G",2013,"C"
"CAPE CORAL","G",2014,"C"
"CAPE CORAL","G",2015,"C"
"CAPE CORAL","G",2016,"C"
"CAPE CORAL","P",2005,"C"
"CAPE CORAL","P",2007,"B"
"CAPE CORAL","P",2008,"C"
"CAPE CORAL","P",2009,"D"
"CAPE CORAL","P",2010,"D"
"CAPE CORAL","P",2011,"F"
"CAPE CORAL","P",2012,"C"
"CAPE CORAL","P",2013,"B"
"CAPE CORAL","P",2014,"B"
"CAPE CORAL","P",2015,"B"
"CAPE CORAL","P",2016,"B"
"CLEARWATER","F",2014,"A"
"CLEARWATER","GPF",2016,"A"
"CLEWISTON","G",2013,"C"
"CLEWISTON","G",2014,"C"
"CLEWISTON","G",2015,"C"
"CLEWISTON","G",2016,"C"
"COCOA","F",2006,"D"
"COCOA","F",2008,"F"
"COCOA","F",2010,"F"
"COCOA","F",2011,"F"
"COCOA","F",2012,"F"
"COCOA","F",2014,"D"
"COCOA","F",2015,"D"
"COCOA","F",2016,"D"
"COCOA","G",2005,"C"
"COCOA","G",2006,"C"
"COCOA","G",2008,"C"
"COCOA","G",2009,"D"
"COCOA","G",2010,"D"
"COCOA","G",2011,"D"
"COCOA","G",2012,"D"
"COCOA","G",2013,"D"
"COCOA","G",2014,"C"
"COCOA","G",2015,"C"
"COCOA","G",2016,"C"
"COCOA","P",2008,"B"
"COCOA","P",2009,"B"
"COCOA","P",2010,"C"
"COCOA","P",2011,"C"
"COCOA","P",2012,"B"
"COCOA","P",2013,"B"
"COCOA","P",2014,"B"
"COCOA","P",2015,"A"
"COCOA","P",2016,"B"
"COCOA BEACH","F",2005,"F"
"COCOA BEACH","F",2006,"F"
"COCOA BEACH","F",2007,"F"
"COCOA BEACH","F",2008,"F"
"COCOA BEACH","F",2009,"F"
"COCOA BEACH","F",2010,"F"
"COCOA BEACH","F",2011,"F"
"COCOA BEACH","F",2012,"D"
"COCOA BEACH","F",2013,"D"
"COCOA BEACH","F",2014,"D"
"COCOA BEACH","F",2015,"D"
"COCOA BEACH","F",2016,"C"
"COCOA BEACH","P",2005,"D"
"COCOA BEACH","P",2006,"D"
"COCOA BEACH","P",2007,"D"
"COCOA BEACH","P",2008,"F"
"COCOA BEACH","P",2009,"F"
"COCOA BEACH","P",2010,"F"
"COCOA BEACH","P",2011,"F"
"COCOA BEACH","P",2012,"F"
"COCOA BEACH","P",2013,"D"
"COCOA BEACH","P",2014,"D"
"COCOA BEACH","P",2015,"D"
"COCOA BEACH","P",2016,"C"
"COOPER CITY","F",2005,"D"
"COOPER CITY","F",2006,"D"
"COOPER CITY","F",2007,"D"
"COOPER CITY","F",2008,"D"
"COOPER CITY","P",2016,"B"
"COOPER CITY - MANAGEMENT","GPF",2008,"F"
"COOPER CITY - MANAGEMENT","GPF",2011,"D"
"COOPER CITY - MANAGEMENT","GPF",2014,"C"
"CORAL GABLES","GPF",2008,"D"
"CORAL GABLES","GPF",2009,"F"
"CORAL GABLES","GPF",2011,"F"
"CORAL GABLES","GPF",2012,"D"
"CORAL GABLES","GPF",2013,"D"
"CORAL GABLES","GPF",2014,"C"
"CORAL GABLES","GPF",2015,"D"
"CORAL GABLES","GPF",2016,"D"
"CORAL SPRINGS","F",2005,"D"
"CORAL SPRINGS","F",2007,"C"
"CORAL SPRINGS","F",2010,"B"
"CORAL SPRINGS","F",2011,"C"
"CORAL SPRINGS","F",2012,"B"
"CORAL SPRINGS","F",2013,"A"
"CORAL SPRINGS","F",2014,"A"
"CORAL SPRINGS","F",2015,"A"
"CORAL SPRINGS","G",2005,"B"
"CORAL SPRINGS","G",2006,"C"
"CORAL SPRINGS","G",2007,"D"
"CORAL SPRINGS","G",2008,"D"
"CORAL SPRINGS","G",2009,"D"
"CORAL SPRINGS","G",2010,"C"
"CORAL SPRINGS","G",2011,"C"
"CORAL SPRINGS","G",2012,"C"
"CORAL SPRINGS","G",2013,"B"
"CORAL SPRINGS","G",2014,"B"
"CORAL SPRINGS","G",2015,"C"
"CORAL SPRINGS","G",2016,"C"
"CORAL SPRINGS","P",2011,"F"
"CORAL SPRINGS","P",2012,"D"
"CORAL SPRINGS","P",2013,"D"
"CORAL SPRINGS","P",2014,"D"
"CORAL SPRINGS","P",2015,"C"
"CRESTVIEW","G",2016,"A"
"DADE CITY","F",2011,"D"
"DADE CITY","F",2012,"C"
"DADE CITY","F",2013,"C"
"DADE CITY","F",2015,"D"
"DADE CITY","F",2016,"D"
"DANIA BEACH","F",2008,"D"
"DANIA BEACH","F",2009,"D"
"DANIA BEACH","F",2011,"F"
"DANIA BEACH","P",2008,"D"
"DANIA BEACH","P",2009,"D"
"DAVIE","F",2005,"C"
"DAVIE","F",2006,"C"
"DAVIE","F",2007,"C"
"DAVIE","F",2009,"C"
"DAVIE","F",2010,"D"
"DAVIE","F",2011,"D"
"DAVIE","F",2012,"D"
"DAVIE","F",2014,"C"
"DAVIE","F",2015,"C"
"DAVIE","P",2005,"C"
"DAVIE","P",2007,"C"
"DAVIE","P",2009,"D"
"DAVIE","P",2010,"D"
"DAVIE","P",2011,"D"
"DAVIE","P",2012,"D"
"DAVIE","P",2013,"B"
"DAVIE","P",2014,"B"
"DAVIE","P",2015,"C"
"DAVIE","P",2016,"C"
"DAYTONA BEACH","PF",2005,"B"
"DAYTONA BEACH","PF",2006,"C"
"DAYTONA BEACH","PF",2008,"C"
"DAYTONA BEACH","PF",2010,"C"
"DAYTONA BEACH","PF",2012,"C"
"DAYTONA BEACH","PF",2013,"C"
"DAYTONA BEACH","PF",2014,"C"
"DAYTONA BEACH","PF",2015,"C"
"DAYTONA BEACH","PF",2016,"C"
"DEERFIELD BEACH","F",2006,"A"
"DEERFIELD BEACH","F",2007,"A"
"DEERFIELD BEACH","F",2008,"A"
"DEERFIELD BEACH","F",2009,"A"
"DEERFIELD BEACH","F",2010,"C"
"DEERFIELD BEACH","F",2011,"C"
"DEERFIELD BEACH","F",2014,"C"
"DEERFIELD BEACH","F",2015,"C"
"DEERFIELD BEACH","G",2011,"B"
"DEERFIELD BEACH","G",2012,"B"
"DEERFIELD BEACH","G",2014,"B"
"DEERFIELD BEACH","G",2015,"B"
"DEERFIELD BEACH","P",2006,"B"
"DEERFIELD BEACH","P",2008,"C"
"DEERFIELD BEACH","P",2010,"D"
"DEERFIELD BEACH","P",2011,"D"
"DEERFIELD BEACH","P",2013,"D"
"DEERFIELD BEACH","P",2015,"D"
"DEERFIELD BEACH","P",2016,"D"
"DELAND","F",2007,"A"
"DELAND","F",2009,"B"
"DELAND","F",2010,"C"
"DELAND","F",2011,"C"
"DELAND","F",2012,"B"
"DELAND","F",2013,"B"
"DELAND","F",2014,"B"
"DELAND","F",2015,"B"
"DELAND","F",2016,"C"
"DELAND","G",2005,"A"
"DELAND","G",2008,"B"
"DELAND","G",2009,"B"
"DELAND","G",2010,"C"
"DELAND","G",2011,"C"
"DELAND","G",2012,"B"
"DELAND","G",2013,"B"
"DELAND","G",2014,"B"
"DELAND","G",2015,"B"
"DELAND","P",2005,"A"
"DELAND","P",2007,"B"
"DELAND","P",2008,"B"
"DELAND","P",2010,"C"
"DELAND","P",2011,"C"
"DELAND","P",2012,"C"
"DELAND","P",2013,"C"
"DELAND","P",2014,"C"
"DELAND","P",2015,"C"
"DELRAY BEACH","F",2016,"D"
"DELRAY BEACH","G",2010,"A"
"DELRAY BEACH","G",2011,"A"
"DELRAY BEACH","G",2012,"A"
"DELRAY BEACH","G",2013,"A"
"DELRAY BEACH","G",2014,"A"
"DELRAY BEACH","G",2015,"A"
"DELRAY BEACH","G",2016,"A"
"DELRAY BEACH","P",2016,"D"
"DELRAY BEACH","PF",2005,"D"
"DELRAY BEACH","PF",2006,"D"
"DELRAY BEACH","PF",2007,"C"
"DELRAY BEACH","PF",2009,"D"
"DELRAY BEACH","PF",2010,"F"
"DELRAY BEACH","PF",2011,"F"
"DELRAY BEACH","PF",2012,"D"
"DELRAY BEACH","PF",2013,"D"
"DELRAY BEACH","PF",2014,"D"
"DELRAY BEACH","PF",2015,"D"
"DELTONA","F",2008,"B"
"DELTONA","F",2009,"C"
"DELTONA","F",2010,"C"
"DELTONA","F",2011,"C"
"DELTONA","F",2012,"C"
"DELTONA","F",2013,"C"
"DELTONA","F",2014,"C"
"DELTONA","F",2015,"C"
"DELTONA","F",2016,"D"
"DUNEDIN","F",2005,"A"
"DUNEDIN","F",2006,"A"
"DUNEDIN","F",2008,"A"
"DUNEDIN","F",2009,"B"
"DUNEDIN","F",2010,"B"
"DUNEDIN","F",2011,"B"
"DUNEDIN","F",2012,"A"
"DUNEDIN","F",2013,"A"
"DUNEDIN","F",2014,"A"
"DUNEDIN","F",2015,"A"
"DUNEDIN","F",2016,"A"
"EDGEWATER","F",2005,"A"
"EDGEWATER","F",2007,"A"
"EDGEWATER","F",2008,"A"
"EDGEWATER","F",2009,"A"
"EDGEWATER","F",2010,"B"
"EDGEWATER","F",2011,"C"
"EDGEWATER","F",2012,"A"
"EDGEWATER","F",2013,"A"
"EDGEWATER","F",2014,"A"
"EDGEWATER","F",2015,"A"
"EDGEWATER","F",2016,"A"
"EDGEWATER","G",2012,"D"
"EDGEWATER","G",2013,"D"
"EDGEWATER","G",2014,"D"
"EDGEWATER","G",2015,"D"
"EDGEWATER","P",2013,"C"
"EDGEWATER","P",2014,"C"
"EDGEWATER","P",2015,"C"
"EDGEWATER","P",2016,"C"
"EUSTIS","F",2005,"B"
"EUSTIS","F",2006,"B"
"EUSTIS","F",2007,"B"
"EUSTIS","F",2008,"B"
"EUSTIS","F",2009,"D"
"EUSTIS","F",2010,"D"
"EUSTIS","F",2011,"D"
"EUSTIS","F",2013,"D"
"EUSTIS","F",2014,"D"
"EUSTIS","F",2015,"D"
"EUSTIS","F",2016,"D"
"EUSTIS","P",2006,"D"
"EUSTIS","P",2007,"D"
"EUSTIS","P",2009,"D"
"EUSTIS","P",2010,"D"
"EUSTIS","P",2013,"D"
"EUSTIS","P",2014,"D"
"EUSTIS","P",2015,"D"
"EUSTIS","P",2016,"D"
"FERNANDINA BEACH","G",2005,"B"
"FERNANDINA BEACH","G",2006,"B"
"FERNANDINA BEACH","G",2008,"B"
"FERNANDINA BEACH","G",2009,"C"
"FERNANDINA BEACH","G",2010,"D"
"FERNANDINA BEACH","G",2011,"D"
"FERNANDINA BEACH","G",2012,"F"
"FERNANDINA BEACH","G",2013,"D"
"FERNANDINA BEACH","G",2015,"D"
"FERNANDINA BEACH","G",2016,"C"
"FERNANDINA BEACH","PF",2005,"C"
"FERNANDINA BEACH","PF",2006,"C"
"FERNANDINA BEACH","PF",2008,"D"
"FERNANDINA BEACH","PF",2009,"D"
"FERNANDINA BEACH","PF",2010,"F"
"FERNANDINA BEACH","PF",2011,"F"
"FERNANDINA BEACH","PF",2012,"F"
"FERNANDINA BEACH","PF",2013,"D"
"FERNANDINA BEACH","PF",2014,"D"
"FERNANDINA BEACH","PF",2015,"D"
"FERNANDINA BEACH","PF",2016,"D"
"FLAGLER BEACH","P",2015,"A"
"FLAGLER BEACH","P",2016,"A"
"FLORIDA CITY - ELECTED","G",2012,"F"
"FLORIDA CITY - ELECTED","G",2014,"D"
"FORT LAUDERDALE","G",2008,"C"
"FORT LAUDERDALE","G",2009,"C"
"FORT LAUDERDALE","G",2011,"F"
"FORT LAUDERDALE","G",2012,"A"
"FORT LAUDERDALE","G",2013,"A"
"FORT LAUDERDALE","G",2015,"A"
"FORT LAUDERDALE","G",2016,"A"
"FORT LAUDERDALE","PF",2009,"D"
"FORT LAUDERDALE","PF",2012,"C"
"FORT LAUDERDALE","PF",2013,"A"
"FORT LAUDERDALE","PF",2014,"A"
"FORT LAUDERDALE","PF",2015,"A"
"FORT MYERS","F",2005,"D"
"FORT MYERS","F",2006,"D"
"FORT MYERS","F",2007,"D"
"FORT MYERS","F",2008,"F"
"FORT MYERS","F",2009,"F"
"FORT MYERS","F",2010,"F"
"FORT MYERS","F",2011,"F"
"FORT MYERS","F",2012,"F"
"FORT MYERS","F",2013,"D"
"FORT MYERS","F",2014,"D"
"FORT MYERS","F",2015,"D"
"FORT MYERS","F",2016,"D"
"FORT MYERS","G",2005,"C"
"FORT MYERS","G",2007,"C"
"FORT MYERS","G",2008,"F"
"FORT MYERS","G",2009,"F"
"FORT MYERS","G",2010,"F"
"FORT MYERS","G",2011,"F"
"FORT MYERS","G",2012,"F"
"FORT MYERS","G",2013,"D"
"FORT MYERS","G",2014,"D"
"FORT MYERS","G",2015,"F"
"FORT MYERS","G",2016,"D"
"FORT MYERS","P",2005,"C"
"FORT MYERS","P",2007,"D"
"FORT MYERS","P",2008,"F"
"FORT MYERS","P",2009,"F"
"FORT MYERS","P",2010,"F"
"FORT MYERS","P",2011,"F"
"FORT MYERS","P",2012,"F"
"FORT MYERS","P",2013,"F"
"FORT MYERS","P",2015,"D"
"FORT MYERS","P",2016,"C"
"FORT PIERCE","G",2009,"A"
"FORT PIERCE","G",2010,"A"
"FORT PIERCE","G",2011,"B"
"FORT PIERCE","G",2012,"A"
"FORT PIERCE","G",2013,"A"
"FORT PIERCE","G",2014,"A"
"FORT PIERCE","G",2015,"A"
"FORT PIERCE","P",2009,"A"
"FORT PIERCE","P",2010,"A"
"FORT PIERCE","P",2011,"A"
"FORT PIERCE","P",2012,"A"
"FORT PIERCE","P",2013,"A"
"FORT PIERCE","P",2014,"A"
"FORT PIERCE","P",2015,"A"
"FORT PIERCE SUPP","P",2006,"A"
"FORT PIERCE SUPP","P",2007,"A"
"FORT PIERCE SUPP","P",2009,"A"
"FORT PIERCE SUPP","P",2010,"A"
"FORT PIERCE SUPP","P",2011,"A"
"FORT PIERCE SUPP","P",2012,"A"
"FORT PIERCE SUPP","P",2013,"A"
"FORT PIERCE SUPP","P",2014,"A"
"FORT PIERCE SUPP","P",2016,"A"
"FORT WALTON BEACH","F",2005,"B"
"FORT WALTON BEACH","F",2006,"B"
"FORT WALTON BEACH","F",2007,"B"
"FORT WALTON BEACH","F",2008,"D"
"FORT WALTON BEACH","F",2009,"D"
"FORT WALTON BEACH","F",2010,"F"
"FORT WALTON BEACH","F",2011,"F"
"FORT WALTON BEACH","F",2012,"D"
"FORT WALTON BEACH","F",2013,"D"
"FORT WALTON BEACH","F",2014,"D"
"FORT WALTON BEACH","F",2015,"D"
"FORT WALTON BEACH","F",2016,"D"
"FORT WALTON BEACH","G",2009,"A"
"FORT WALTON BEACH","G",2010,"C"
"FORT WALTON BEACH","G",2011,"C"
"FORT WALTON BEACH","G",2013,"B"
"FORT WALTON BEACH","G",2014,"B"
"FORT WALTON BEACH","G",2015,"B"
"FORT WALTON BEACH","G",2016,"C"
"FORT WALTON BEACH","P",2005,"B"
"FORT WALTON BEACH","P",2006,"B"
"FORT WALTON BEACH","P",2007,"B"
"FORT WALTON BEACH","P",2008,"C"
"FORT WALTON BEACH","P",2009,"D"
"FORT WALTON BEACH","P",2010,"D"
"FORT WALTON BEACH","P",2011,"D"
"FORT WALTON BEACH","P",2012,"D"
"FORT WALTON BEACH","P",2013,"D"
"FORT WALTON BEACH","P",2014,"C"
"FORT WALTON BEACH","P",2015,"D"
"FROSTPROOF","P",2005,"B"
"FROSTPROOF","P",2006,"B"
"FROSTPROOF","P",2008,"B"
"FROSTPROOF","P",2009,"C"
"FROSTPROOF","P",2010,"D"
"FROSTPROOF","P",2011,"D"
"FROSTPROOF","P",2012,"D"
"FROSTPROOF","P",2013,"C"
"FROSTPROOF","P",2014,"C"
"FROSTPROOF","P",2015,"C"
"FROSTPROOF","P",2016,"C"
"GAINESVILLE","G",2007,"A"
"GAINESVILLE","G",2009,"B"
"GAINESVILLE","G",2010,"B"
"GAINESVILLE","G",2012,"B"
"GAINESVILLE","G",2013,"B"
"GAINESVILLE","G",2014,"C"
"GAINESVILLE","G",2015,"C"
"GAINESVILLE","PF",2005,"A"
"GAINESVILLE","PF",2008,"A"
"GAINESVILLE","PF",2010,"B"
"GAINESVILLE","PF",2012,"C"
"GAINESVILLE","PF",2014,"B"
"GAINESVILLE","PF",2016,"B"
"GAINESVILLE - DISABILITY","G",2007,"A"
"GAINESVILLE - DISABILITY","G",2010,"A"
"GULFPORT","G",2008,"A"
"GULFPORT","G",2009,"A"
"GULFPORT","G",2010,"A"
"GULFPORT","G",2011,"A"
"GULFPORT","G",2012,"A"
"GULFPORT","G",2013,"A"
"GULFPORT","G",2014,"A"
"GULFPORT","G",2015,"A"
"GULFPORT","G",2016,"A"
"HAINES CITY","F",2005,"C"
"HAINES CITY","F",2006,"C"
"HAINES CITY","F",2008,"C"
"HAINES CITY","F",2009,"C"
"HAINES CITY","F",2010,"D"
"HAINES CITY","F",2011,"D"
"HAINES CITY","F",2012,"D"
"HAINES CITY","F",2013,"C"
"HAINES CITY","F",2015,"C"
"HAINES CITY","F",2016,"C"
"HAINES CITY","G",2008,"B"
"HAINES CITY","G",2009,"B"
"HAINES CITY","G",2010,"B"
"HAINES CITY","G",2011,"B"
"HAINES CITY","G",2012,"C"
"HAINES CITY","G",2013,"A"
"HAINES CITY","G",2014,"A"
"HAINES CITY","G",2015,"A"
"HAINES CITY","G",2016,"A"
"HAINES CITY","P",2005,"B"
"HAINES CITY","P",2006,"B"
"HAINES CITY","P",2008,"B"
"HAINES CITY","P",2009,"B"
"HAINES CITY","P",2010,"B"
"HAINES CITY","P",2011,"C"
"HAINES CITY","P",2012,"C"
"HAINES CITY","P",2013,"C"
"HAINES CITY","P",2015,"B"
"HALIFAX HOSPITAL","G",2009,"C"
"HALIFAX HOSPITAL","G",2010,"F"
"HALLANDALE BEACH","PF",2012,"D"
"HALLANDALE BEACH","PF",2013,"C"
"HALLANDALE BEACH","PF",2014,"C"
"HALLANDALE BEACH","PF",2015,"C"
"HALLANDALE BEACH","PF",2016,"C"
"HIALEAH","GPF",2008,"B"
"HIALEAH","GPF",2009,"B"
"HIALEAH","GPF",2010,"D"
"HIALEAH","GPF",2012,"D"
"HIALEAH","GPF",2014,"D"
"HIALEAH","GPF",2015,"D"
"HIALEAH","GPF",2016,"D"
"HIALEAH - ELECTED","G",2005,"A"
"HIALEAH - ELECTED","G",2007,"A"
"HIALEAH - ELECTED","G",2009,"A"
"HIALEAH - ELECTED","G",2011,"A"
"HIALEAH - ELECTED","G",2013,"A"
"HIALEAH - ELECTED","G",2015,"A"
"HOLLY HILL","F",2005,"B"
"HOLLY HILL","F",2008,"C"
"HOLLY HILL","F",2009,"C"
"HOLLY HILL","F",2010,"C"
"HOLLY HILL","F",2011,"C"
"HOLLY HILL","F",2012,"C"
"HOLLY HILL","F",2013,"C"
"HOLLY HILL","F",2015,"C"
"HOLLY HILL","F",2016,"C"
"HOLLY HILL","P",2005,"C"
"HOLLY HILL","P",2006,"C"
"HOLLY HILL","P",2008,"C"
"HOLLY HILL","P",2009,"C"
"HOLLY HILL","P",2010,"C"
"HOLLY HILL","P",2011,"D"
"HOLLY HILL","P",2012,"C"
"HOLLY HILL","P",2013,"C"
"HOLLY HILL","P",2015,"C"
"HOLLYWOOD","F",2006,"F"
"HOLLYWOOD","F",2008,"F"
"HOLLYWOOD","F",2010,"F"
"HOLLYWOOD","F",2013,"C"
"HOLLYWOOD","F",2014,"C"
"HOLLYWOOD","F",2015,"D"
"HOLLYWOOD","G",2005,"C"
"HOLLYWOOD","G",2006,"D"
"HOLLYWOOD","G",2007,"D"
"HOLLYWOOD","G",2008,"D"
"HOLLYWOOD","G",2010,"F"
"HOLLYWOOD","G",2012,"F"
"HOLLYWOOD","G",2014,"D"
"HOLLYWOOD","G",2015,"F"
"HOLLYWOOD","G",2016,"C"
"HOLLYWOOD","P",2006,"D"
"HOLLYWOOD","P",2007,"D"
"HOLLYWOOD","P",2009,"F"
"HOLLYWOOD","P",2011,"F"
"HOLLYWOOD","P",2012,"D"
"HOLLYWOOD","P",2014,"D"
"HOLLYWOOD","P",2016,"F"
"HOMESTEAD","F",2010,"C"
"HOMESTEAD","F",2012,"C"
"HOMESTEAD","F",2013,"C"
"HOMESTEAD","F",2014,"C"
"HOMESTEAD","F",2016,"C"
"HOMESTEAD","G",2007,"C"
"HOMESTEAD","G",2008,"C"
"HOMESTEAD","G",2010,"C"
"HOMESTEAD","G",2011,"C"
"HOMESTEAD","G",2013,"B"
"HOMESTEAD","G",2014,"B"
"HOMESTEAD","G",2016,"B"
"HOMESTEAD","P",2005,"D"
"HOMESTEAD","P",2006,"D"
"HOMESTEAD","P",2009,"D"
"HOMESTEAD","P",2011,"D"
"HOMESTEAD","P",2012,"D"
"HOMESTEAD","P",2014,"C"
"HOMESTEAD","P",2016,"C"
"HOMESTEAD - Old Elected","G",2010,"D"
"HOMESTEAD - Old Elected","G",2013,"D"
"HOMESTEAD - Old Elected","G",2014,"C"
"HOMESTEAD - Old Elected","G",2016,"D"
"INDIALANTIC","PF",2008,"B"
"INDIALANTIC","PF",2009,"C"
"INDIALANTIC","PF",2010,"C"
"INDIALANTIC","PF",2011,"C"
"INDIALANTIC","PF",2012,"B"
"INDIALANTIC","PF",2013,"A"
"INDIALANTIC","PF",2014,"A"
"INDIALANTIC","PF",2015,"A"
"INDIALANTIC","PF",2016,"A"
"INDIAN HARBOUR BEACH","P",2005,"C"
"INDIAN HARBOUR BEACH","P",2006,"C"
"INDIAN HARBOUR BEACH","P",2007,"B"
"INDIAN HARBOUR BEACH","P",2008,"C"
"INDIAN HARBOUR BEACH","P",2009,"C"
"INDIAN HARBOUR BEACH","P",2010,"C"
"INDIAN HARBOUR BEACH","P",2011,"C"
"INDIAN HARBOUR BEACH","P",2012,"D"
"INDIAN HARBOUR BEACH","P",2014,"B"
"INDIAN HARBOUR BEACH","P",2015,"A"
"INDIAN HARBOUR BEACH","P",2016,"B"
"INDIAN RIVER SHORES","G",2009,"F"
"INDIAN RIVER SHORES","G",2011,"D"
"INDIAN RIVER SHORES","G",2013,"D"
"INDIAN RIVER SHORES","G",2014,"C"
"INDIAN RIVER SHORES","G",2015,"C"
"INDIAN RIVER SHORES","G",2016,"B"
"INDIAN RIVER SHORES","PF",2009,"C"
"INDIAN RIVER SHORES","PF",2011,"C"
"INDIAN RIVER SHORES","PF",2013,"B"
"INDIAN RIVER SHORES","PF",2014,"A"
"INDIAN RIVER SHORES","PF",2015,"B"
"INDIAN RIVER SHORES","PF",2016,"B"
"JACKSONVILLE","CO",2008,"D"
"JACKSONVILLE","CO",2011,"F"
"JACKSONVILLE","CO",2014,"D"
"JACKSONVILLE","CO",2015,"D"
"JACKSONVILLE","G",2008,"B"
"JACKSONVILLE","G",2011,"C"
"JACKSONVILLE","G",2012,"C"
"JACKSONVILLE","G",2014,"C"
"JACKSONVILLE","G",2015,"C"
"JACKSONVILLE","PF",2008,"F"
"JACKSONVILLE","PF",2011,"F"
"JACKSONVILLE","PF",2012,"D"
"JACKSONVILLE","PF",2013,"D"
"JACKSONVILLE","PF",2014,"D"
"JACKSONVILLE","PF",2015,"D"
"JACKSONVILLE","PF",2016,"D"
"JACKSONVILLE - DISABILITY","G",2009,"A"
"JACKSONVILLE - DISABILITY","G",2012,"C"
"JACKSONVILLE - DISABILITY","G",2015,"C"
"JACKSONVILLE BEACH","F",2005,"C"
"JACKSONVILLE BEACH","F",2006,"C"
"JACKSONVILLE BEACH","F",2009,"C"
"JACKSONVILLE BEACH","F",2011,"C"
"JACKSONVILLE BEACH","F",2012,"C"
"JACKSONVILLE BEACH","F",2013,"C"
"JACKSONVILLE BEACH","F",2014,"A"
"JACKSONVILLE BEACH","F",2015,"C"
"JACKSONVILLE BEACH","F",2016,"C"
"JACKSONVILLE BEACH","G",2005,"A"
"JACKSONVILLE BEACH","G",2006,"C"
"JACKSONVILLE BEACH","G",2007,"A"
"JACKSONVILLE BEACH","G",2009,"A"
"JACKSONVILLE BEACH","G",2011,"B"
"JACKSONVILLE BEACH","G",2012,"C"
"JACKSONVILLE BEACH","G",2013,"B"
"JACKSONVILLE BEACH","G",2014,"A"
"JACKSONVILLE BEACH","G",2015,"C"
"JACKSONVILLE BEACH","G",2016,"C"
"JACKSONVILLE BEACH","P",2005,"A"
"JACKSONVILLE BEACH","P",2006,"A"
"JACKSONVILLE BEACH","P",2008,"B"
"JACKSONVILLE BEACH","P",2009,"C"
"JACKSONVILLE BEACH","P",2011,"C"
"JACKSONVILLE BEACH","P",2012,"C"
"JACKSONVILLE BEACH","P",2013,"B"
"JACKSONVILLE BEACH","P",2014,"A"
"JACKSONVILLE BEACH","P",2015,"A"
"JACKSONVILLE BEACH","P",2016,"A"
"JUPITER","P",2006,"D"
"JUPITER","P",2008,"C"
"JUPITER","P",2010,"C"
"JUPITER","P",2011,"C"
"JUPITER","P",2012,"C"
"JUPITER","P",2013,"B"
"JUPITER","P",2014,"B"
"JUPITER","P",2015,"B"
"KEY BISCAYNE","PF",2005,"B"
"KEY BISCAYNE","PF",2006,"B"
"KEY BISCAYNE","PF",2007,"B"
"KEY BISCAYNE","PF",2008,"B"
"KEY BISCAYNE","PF",2009,"B"
"KEY BISCAYNE","PF",2010,"B"
"KEY BISCAYNE","PF",2011,"B"
"KEY BISCAYNE","PF",2012,"C"
"KEY BISCAYNE","PF",2013,"C"
"KEY BISCAYNE","PF",2014,"A"
"KEY BISCAYNE","PF",2015,"A"
"KEY BISCAYNE","PF",2016,"A"
"KEY WEST","G",2007,"A"
"KEY WEST","G",2008,"A"
"KEY WEST","G",2010,"A"
"KEY WEST","PF",2005,"C"
"KEY WEST","PF",2006,"B"
"KEY WEST","PF",2007,"B"
"KEY WEST","PF",2009,"B"
"KEY WEST","PF",2011,"C"
"KEY WEST","PF",2012,"D"
"KEY WEST","PF",2013,"C"
"KEY WEST","PF",2014,"B"
"KEY WEST","PF",2015,"C"
"KEY WEST","PF",2016,"C"
"KEY WEST UTILITY","G",2006,"B"
"KEY WEST UTILITY","G",2008,"B"
"KEY WEST UTILITY","G",2010,"D"
"KEY WEST UTILITY","G",2012,"D"
"KEY WEST UTILITY","G",2013,"D"
"KEY WEST UTILITY","G",2015,"D"
"KEY WEST UTILITY","G",2016,"D"
"KISSIMMEE","F",2006,"C"
"KISSIMMEE","F",2007,"C"
"KISSIMMEE","F",2009,"D"
"KISSIMMEE","F",2010,"D"
"KISSIMMEE","F",2011,"D"
"KISSIMMEE","F",2012,"D"
"KISSIMMEE","F",2013,"D"
"KISSIMMEE","F",2014,"C"
"KISSIMMEE","F",2015,"D"
"KISSIMMEE","F",2016,"D"
"KISSIMMEE","G",2009,"A"
"KISSIMMEE","G",2010,"B"
"KISSIMMEE","G",2011,"B"
"KISSIMMEE","P",2008,"B"
"KISSIMMEE","P",2009,"C"
"KISSIMMEE","P",2010,"D"
"KISSIMMEE","P",2011,"D"
"KISSIMMEE","P",2012,"D"
"KISSIMMEE","P",2013,"C"
"KISSIMMEE","P",2014,"C"
"KISSIMMEE","P",2015,"C"
"KISSIMMEE","P",2016,"C"
"LADY LAKE","P",2005,"A"
"LADY LAKE","P",2006,"A"
"LADY LAKE","P",2007,"A"
"LADY LAKE","P",2008,"A"
"LADY LAKE","P",2009,"A"
"LADY LAKE","P",2010,"A"
"LADY LAKE","P",2011,"A"
"LADY LAKE","P",2012,"A"
"LADY LAKE","P",2013,"A"
"LADY LAKE","P",2014,"A"
"LADY LAKE","P",2015,"A"
"LADY LAKE","P",2016,"A"
"LAKE ALFRED","G",2006,"A"
"LAKE ALFRED","G",2008,"A"
"LAKE ALFRED","G",2009,"A"
"LAKE ALFRED","G",2010,"A"
"LAKE ALFRED","G",2011,"A"
"LAKE ALFRED","G",2012,"A"
"LAKE ALFRED","G",2013,"A"
"LAKE ALFRED","G",2014,"A"
"LAKE ALFRED","G",2015,"A"
"LAKE ALFRED","G",2016,"A"
"LAKE ALFRED","P",2006,"A"
"LAKE ALFRED","P",2008,"A"
"LAKE ALFRED","P",2009,"A"
"LAKE ALFRED","P",2010,"A"
"LAKE ALFRED","PF",2011,"A"
"LAKE ALFRED","PF",2012,"A"
"LAKE ALFRED","PF",2013,"A"
"LAKE ALFRED","PF",2014,"A"
"LAKE ALFRED","PF",2015,"A"
"LAKE ALFRED","PF",2016,"A"
"LAKE CITY","F",2007,"B"
"LAKE CITY","F",2010,"B"
"LAKE CITY","F",2012,"B"
"LAKE CITY","F",2014,"B"
"LAKE CITY","F",2015,"B"
"LAKE CITY","G",2008,"C"
"LAKE CITY","G",2010,"D"
"LAKE CITY","G",2012,"D"
"LAKE CITY","G",2014,"C"
"LAKE CITY","G",2015,"D"
"LAKE CITY","P",2006,"A"
"LAKE CITY","P",2008,"B"
"LAKE CITY","P",2009,"B"
"LAKE CITY","P",2010,"B"
"LAKE CITY","P",2011,"C"
"LAKE CITY","P",2012,"A"
"LAKE CITY","P",2013,"A"
"LAKE CITY","P",2015,"A"
"LAKE CITY","P",2016,"A"
"LAKE MARY","F",2005,"B"
"LAKE MARY","F",2006,"C"
"LAKE MARY","F",2008,"C"
"LAKE MARY","F",2010,"C"
"LAKE MARY","F",2011,"C"
"LAKE MARY","F",2012,"C"
"LAKE MARY","F",2013,"A"
"LAKE MARY","F",2014,"A"
"LAKE MARY","F",2015,"A"
"LAKE MARY","P",2005,"A"
"LAKE MARY","P",2006,"A"
"LAKE MARY","P",2007,"A"
"LAKE MARY","P",2008,"A"
"LAKE MARY","P",2009,"A"
"LAKE MARY","P",2010,"A"
"LAKE MARY","P",2011,"B"
"LAKE MARY","P",2012,"A"
"LAKE MARY","P",2013,"A"
"LAKE MARY","P",2014,"A"
"LAKE MARY","P",2015,"A"
"LAKE MARY","P",2016,"A"
"LAKE PARK","P",2005,"C"
"LAKE PARK","P",2006,"C"
"LAKE PARK","P",2010,"D"
"LAKE PARK","P",2011,"D"
"LAKE PARK","P",2012,"D"
"LAKE PARK","P",2013,"C"
"LAKE PARK","P",2014,"C"
"LAKE PARK","P",2015,"D"
"LAKE PARK","P",2016,"D"
"LAKE WALES","F",2006,"D"
"LAKE WALES","F",2007,"D"
"LAKE WALES","F",2008,"D"
"LAKE WALES","F",2009,"D"
"LAKE WALES","F",2010,"F"
"LAKE WALES","F",2011,"F"
"LAKE WALES","F",2012,"D"
"LAKE WALES","F",2013,"C"
"LAKE WALES","F",2014,"C"
"LAKE WALES","F",2015,"C"
"LAKE WALES","F",2016,"C"
"LAKE WALES","P",2005,"C"
"LAKE WALES","P",2006,"A"
"LAKE WALES","P",2007,"A"
"LAKE WALES","P",2009,"C"
"LAKE WALES","P",2010,"C"
"LAKE WALES","P",2011,"C"
"LAKE WALES","P",2012,"C"
"LAKE WALES","P",2013,"A"
"LAKE WALES","P",2014,"A"
"LAKE WALES","P",2015,"A"
"LAKE WALES","P",2016,"A"
"LAKE WORTH","F",2009,"D"
"LAKE WORTH","F",2011,"F"
"LAKE WORTH","F",2013,"C"
"LAKE WORTH","F",2014,"C"
"LAKE WORTH","F",2015,"C"
"LAKE WORTH","G",2005,"C"
"LAKE WORTH","G",2006,"C"
"LAKE WORTH","G",2009,"C"
"LAKE WORTH","G",2010,"D"
"LAKE WORTH","G",2011,"F"
"LAKE WORTH","G",2012,"F"
"LAKE WORTH","G",2013,"C"
"LAKE WORTH","G",2014,"C"
"LAKE WORTH","G",2015,"C"
"LAKE WORTH","G",2016,"C"
"LAKE WORTH","P",2005,"C"
"LAKE WORTH","P",2006,"D"
"LAKE WORTH","P",2009,"D"
"LAKE WORTH","P",2010,"F"
"LAKE WORTH","P",2011,"F"
"LAKE WORTH","P",2012,"F"
"LAKE WORTH","P",2013,"D"
"LAKE WORTH","P",2014,"C"
"LAKE WORTH","P",2015,"D"
"LAKE WORTH","P",2016,"D"
"LAKELAND","G",2011,"B"
"LAKELAND","G",2013,"B"
"LAKELAND","G",2015,"B"
"LAKELAND","GPF",2010,"A"
"LAKELAND","GPF",2011,"A"
"LAKELAND","P",2010,"D"
"LAKELAND","P",2012,"C"
"LAKELAND","P",2013,"C"
"LAKELAND","P",2014,"B"
"LAKELAND","P",2015,"C"
"LAKELAND","P",2016,"C"
"LANTANA","F",2005,"D"
"LANTANA","F",2006,"D"
"LANTANA","F",2007,"D"
"LANTANA","F",2008,"D"
"LANTANA","F",2009,"D"
"LANTANA","F",2010,"D"
"LANTANA","F",2011,"D"
"LANTANA","F",2014,"C"
"LANTANA","F",2015,"B"
"LANTANA","P",2010,"A"
"LANTANA","P",2011,"A"
"LANTANA","P",2012,"A"
"LANTANA","P",2014,"A"
"LANTANA","P",2015,"A"
"LARGO","PF",2005,"A"
"LARGO","PF",2006,"A"
"LARGO","PF",2007,"A"
"LARGO","PF",2008,"D"
"LARGO","PF",2009,"D"
"LARGO","PF",2011,"C"
"LARGO","PF",2012,"C"
"LARGO","PF",2013,"C"
"LARGO","PF",2014,"C"
"LARGO","PF",2015,"C"
"LARGO","PF",2016,"C"
"LAUDERHILL","F",2006,"F"
"LAUDERHILL","F",2007,"D"
"LAUDERHILL","F",2009,"D"
"LAUDERHILL","F",2011,"F"
"LAUDERHILL","F",2014,"C"
"LAUDERHILL","F",2015,"D"
"LAUDERHILL","G",2006,"B"
"LAUDERHILL","G",2007,"B"
"LAUDERHILL","G",2008,"C"
"LAUDERHILL","G",2011,"D"
"LAUDERHILL","G",2013,"D"
"LAUDERHILL","G",2014,"C"
"LAUDERHILL","G",2015,"C"
"LAUDERHILL","P",2005,"B"
"LAUDERHILL","P",2008,"C"
"LAUDERHILL","P",2009,"C"
"LAUDERHILL","P",2011,"C"
"LAUDERHILL","P",2012,"C"
"LAUDERHILL","P",2013,"C"
"LAUDERHILL","P",2014,"C"
"LAUDERHILL","P",2015,"C"
"LAUDERHILL","P",2016,"C"
"LAUDERHILL - C&M","G",2008,"C"
"LAUDERHILL - C&M","G",2009,"C"
"LAUDERHILL - C&M","G",2010,"D"
"LAUDERHILL - C&M","G",2011,"D"
"LAUDERHILL - C&M","G",2014,"C"
"LAUDERHILL - C&M","G",2015,"C"
"LAUDERHILL - C&M","G",2016,"C"
"LEESBURG","F",2014,"B"
"LEESBURG","F",2015,"B"
"LEESBURG","F",2016,"B"
"LEESBURG","G",2008,"A"
"LEESBURG","G",2009,"A"
"LEESBURG","G",2010,"A"
"LEESBURG","G",2011,"B"
"LEESBURG","G",2012,"A"
"LEESBURG","G",2013,"A"
"LEESBURG","G",2014,"A"
"LEESBURG","G",2015,"A"
"LEESBURG","G",2016,"A"
"LIVE OAK","F",2007,"A"
"LIVE OAK","F",2010,"C"
"LONGBOAT KEY","F",2005,"F"
"LONGBOAT KEY","F",2006,"F"
"LONGBOAT KEY","F",2008,"F"
"LONGBOAT KEY","F",2009,"F"
"LONGBOAT KEY","F",2010,"F"
"LONGBOAT KEY","F",2011,"F"
"LONGBOAT KEY","F",2012,"F"
"LONGBOAT KEY","F",2013,"F"
"LONGBOAT KEY","F",2015,"F"
"LONGBOAT KEY","F",2016,"F"
"LONGBOAT KEY","G",2005,"C"
"LONGBOAT KEY","G",2006,"C"
"LONGBOAT KEY","G",2008,"D"
"LONGBOAT KEY","G",2009,"F"
"LONGBOAT KEY","G",2010,"F"
"LONGBOAT KEY","G",2011,"F"
"LONGBOAT KEY","G",2012,"D"
"LONGBOAT KEY","G",2013,"D"
"LONGBOAT KEY","G",2016,"D"
"LONGBOAT KEY","P",2005,"D"
"LONGBOAT KEY","P",2006,"D"
"LONGBOAT KEY","P",2008,"F"
"LONGBOAT KEY","P",2009,"F"
"LONGBOAT KEY","P",2010,"F"
"LONGBOAT KEY","P",2011,"F"
"LONGBOAT KEY","P",2012,"D"
"LONGBOAT KEY","P",2013,"F"
"LONGBOAT KEY","P",2015,"F"
"LONGBOAT KEY","P",2016,"F"
"LYNN HAVEN","G",2005,"B"
"LYNN HAVEN","G",2006,"B"
"LYNN HAVEN","G",2007,"B"
"LYNN HAVEN","G",2008,"B"
"LYNN HAVEN","G",2009,"C"
"LYNN HAVEN","G",2010,"C"
"LYNN HAVEN","G",2011,"B"
"LYNN HAVEN","G",2012,"B"
"LYNN HAVEN","G",2013,"A"
"LYNN HAVEN","G",2014,"A"
"LYNN HAVEN","G",2015,"A"
"LYNN HAVEN","G",2016,"A"
"LYNN HAVEN","P",2015,"A"
"LYNN HAVEN","P",2016,"A"
"MADISON","F",2005,"D"
"MADISON","F",2006,"D"
"MADISON","F",2008,"D"
"MADISON","F",2009,"D"
"MADISON","F",2010,"F"
"MADISON","F",2011,"F"
"MADISON","F",2012,"F"
"MADISON","F",2013,"D"
"MADISON","F",2015,"F"
"MAITLAND","PF",2010,"C"
"MAITLAND","PF",2011,"C"
"MAITLAND","PF",2012,"D"
"MAITLAND","PF",2014,"B"
"MAITLAND","PF",2015,"B"
"MAITLAND","PF",2016,"B"
"MARCO ISLAND","F",2007,"A"
"MARCO ISLAND","F",2009,"B"
"MARCO ISLAND","F",2010,"B"
"MARCO ISLAND","F",2011,"B"
"MARCO ISLAND","F",2012,"B"
"MARCO ISLAND","F",2013,"B"
"MARCO ISLAND","F",2014,"B"
"MARCO ISLAND","F",2016,"A"
"MARCO ISLAND","P",2007,"D"
"MARCO ISLAND","P",2008,"D"
"MARCO ISLAND","P",2009,"D"
"MARCO ISLAND","P",2010,"D"
"MARCO ISLAND","P",2012,"C"
"MARCO ISLAND","P",2014,"C"
"MARCO ISLAND","P",2015,"B"
"MARCO ISLAND","P",2016,"B"
"MELBOURNE","F",2005,"B"
"MELBOURNE","F",2008,"B"
"MELBOURNE","F",2010,"C"
"MELBOURNE","F",2012,"D"
"MELBOURNE","F",2014,"D"
"MELBOURNE","F",2015,"D"
"MELBOURNE","G",2008,"A"
"MELBOURNE","G",2010,"A"
"MELBOURNE","G",2011,"A"
"MELBOURNE","G",2012,"A"
"MELBOURNE","G",2013,"A"
"MELBOURNE","G",2014,"A"
"MELBOURNE","P",2005,"C"
"MELBOURNE","P",2006,"C"
"MELBOURNE","P",2007,"C"
"MELBOURNE","P",2008,"C"
"MELBOURNE","P",2009,"C"
"MELBOURNE","P",2010,"D"
"MELBOURNE","P",2011,"D"
"MELBOURNE","P",2012,"C"
"MELBOURNE","P",2013,"C"
"MELBOURNE","P",2014,"C"
"MELBOURNE","P",2015,"C"
"MELBOURNE","P",2016,"C"
"MELBOURNE - SPECIAL RISK","G",2008,"C"
"MELBOURNE - SPECIAL RISK","G",2010,"F"
"MELBOURNE - SPECIAL RISK","G",2011,"F"
"MELBOURNE - SPECIAL RISK","G",2012,"D"
"MELBOURNE - SPECIAL RISK","G",2013,"B"
"MELBOURNE - SPECIAL RISK","G",2014,"B"
"MELBOURNE - SPECIAL RISK","G",2015,"B"
"MELBOURNE - SPECIAL RISK","G",2016,"B"
"MELBOURNE BEACH","P",2008,"C"
"MELBOURNE BEACH","P",2009,"D"
"MELBOURNE BEACH","P",2011,"F"
"MELBOURNE BEACH","P",2012,"D"
"MELBOURNE BEACH","P",2013,"D"
"MELBOURNE BEACH","P",2014,"C"
"MELBOURNE BEACH","P",2015,"C"
"MELBOURNE BEACH","P",2016,"C"
"MIAMI","GS",2005,"D"
"MIAMI","GS",2007,"B"
"MIAMI","GS",2010,"D"
"MIAMI","GS",2013,"D"
"MIAMI - ELECTED","G",2008,"D"
"MIAMI - ELECTED","G",2012,"D"
"MIAMI - ELECTED","G",2014,"C"
"MIAMI - ELECTED","G",2015,"D"
"MIAMI - ELECTED","G",2016,"C"
"MIAMI - EXCESS","GS",2006,"C"
"MIAMI - EXCESS","GS",2008,"C"
"MIAMI - EXCESS","GS",2010,"C"
"MIAMI - EXCESS","GS",2012,"F"
"MIAMI - GESE","GS",2014,"C"
"MIAMI - GESE","GS",2015,"C"
"MIAMI - GESE","GS",2016,"C"
"MIAMI - GESE (STAFF)","GS",2014,"C"
"MIAMI - GESE (STAFF)","GS",2015,"C"
"MIAMI - GESE (STAFF)","GS",2016,"C"
"MIAMI - STAFF","GS",2005,"B"
"MIAMI - STAFF","GS",2008,"B"
"MIAMI - STAFF","GS",2010,"C"
"MIAMI - STAFF","GS",2012,"F"
"MIAMI BEACH","G",2005,"B"
"MIAMI BEACH","G",2006,"B"
"MIAMI BEACH","G",2008,"B"
"MIAMI BEACH","G",2009,"C"
"MIAMI BEACH","G",2010,"D"
"MIAMI BEACH","G",2012,"D"
"MIAMI BEACH","G",2013,"D"
"MIAMI BEACH","G",2014,"D"
"MIAMI BEACH","G",2015,"C"
"MIAMI BEACH","G",2016,"C"
"MIAMI BEACH","PF",2005,"C"
"MIAMI BEACH","PF",2006,"C"
"MIAMI BEACH","PF",2007,"D"
"MIAMI BEACH","PF",2008,"D"
"MIAMI BEACH","PF",2009,"D"
"MIAMI BEACH","PF",2011,"D"
"MIAMI BEACH","PF",2012,"D"
"MIAMI BEACH","PF",2013,"D"
"MIAMI BEACH","PF",2014,"D"
"MIAMI BEACH","PF",2015,"D"
"MIAMI SHORES VILLAGE","G",2011,"B"
"MIAMI SHORES VILLAGE","G",2013,"A"
"MIAMI SHORES VILLAGE","G",2015,"A"
"MIAMI SHORES VILLAGE","P",2013,"C"
"MIAMI SHORES VILLAGE","P",2014,"C"
"MIAMI SHORES VILLAGE","P",2015,"C"
"MIAMI SPRINGS","G",2009,"A"
"MIAMI SPRINGS","G",2010,"A"
"MIAMI SPRINGS","G",2011,"A"
"MIAMI SPRINGS","G",2012,"A"
"MIAMI SPRINGS","G",2013,"A"
"MIAMI SPRINGS","G",2014,"A"
"MIAMI SPRINGS","G",2015,"A"
"MIAMI SPRINGS","G",2016,"A"
"MIAMI SPRINGS","PF",2009,"A"
"MIAMI SPRINGS","PF",2010,"B"
"MIAMI SPRINGS","PF",2011,"C"
"MIAMI SPRINGS","PF",2012,"B"
"MIAMI SPRINGS","PF",2013,"B"
"MIAMI SPRINGS","PF",2014,"B"
"MIAMI SPRINGS","PF",2015,"B"
"MIAMI SPRINGS","PF",2016,"B"
"MILTON","F",2005,"A"
"MILTON","F",2006,"B"
"MILTON","F",2007,"B"
"MILTON","F",2008,"D"
"MILTON","F",2009,"F"
"MILTON","F",2010,"F"
"MILTON","F",2011,"F"
"MILTON","F",2012,"D"
"MILTON","F",2013,"D"
"MILTON","F",2015,"D"
"MILTON","F",2016,"D"
"MILTON","G",2005,"A"
"MILTON","G",2006,"A"
"MILTON","G",2008,"A"
"MILTON","G",2009,"B"
"MILTON","G",2010,"C"
"MILTON","G",2011,"C"
"MILTON","G",2012,"C"
"MILTON","G",2013,"B"
"MILTON","G",2014,"B"
"MILTON","G",2015,"A"
"MILTON","G",2016,"B"
"MILTON","P",2005,"A"
"MILTON","P",2006,"A"
"MILTON","P",2007,"A"
"MILTON","P",2008,"A"
"MILTON","P",2009,"A"
"MILTON","P",2010,"B"
"MILTON","P",2011,"B"
"MILTON","P",2012,"B"
"MILTON","P",2013,"A"
"MILTON","P",2014,"A"
"MILTON","P",2015,"A"
"MILTON","P",2016,"A"
"MIRAMAR","F",2006,"F"
"MIRAMAR","F",2007,"F"
"MIRAMAR","F",2008,"F"
"MIRAMAR","F",2010,"F"
"MIRAMAR","F",2011,"F"
"MIRAMAR","F",2014,"D"
"MIRAMAR","F",2016,"C"
"MIRAMAR","G",2008,"C"
"MIRAMAR","G",2010,"C"
"MIRAMAR","G",2011,"B"
"MIRAMAR","G",2013,"C"
"MIRAMAR","G",2014,"A"
"MIRAMAR","G",2015,"B"
"MIRAMAR","P",2006,"D"
"MIRAMAR","P",2008,"F"
"MIRAMAR","P",2009,"F"
"MIRAMAR","P",2010,"F"
"MIRAMAR","P",2012,"D"
"MIRAMAR","P",2013,"C"
"MIRAMAR","P",2015,"C"
"MIRAMAR - MANAGEMENT","G",2005,"B"
"MIRAMAR - MANAGEMENT","G",2008,"D"
"MIRAMAR - MANAGEMENT","G",2009,"D"
"MIRAMAR - MANAGEMENT","G",2010,"D"
"MIRAMAR - MANAGEMENT","G",2011,"D"
"MIRAMAR - MANAGEMENT","G",2013,"C"
"MIRAMAR - MANAGEMENT","G",2014,"C"
"MIRAMAR - MANAGEMENT","G",2015,"D"
"MIRAMAR - MANAGEMENT","G",2016,"D"
"NAPLES","F",2007,"D"
"NAPLES","F",2008,"D"
"NAPLES","F",2009,"D"
"NAPLES","F",2010,"D"
"NAPLES","F",2012,"C"
"NAPLES","F",2013,"C"
"NAPLES","F",2014,"B"
"NAPLES","F",2015,"D"
"NAPLES","F",2016,"D"
"NAPLES","G",2005,"A"
"NAPLES","G",2006,"A"
"NAPLES","G",2007,"C"
"NAPLES","G",2008,"B"
"NAPLES","G",2009,"C"
"NAPLES","G",2010,"C"
"NAPLES","G",2011,"B"
"NAPLES","G",2012,"B"
"NAPLES","G",2013,"B"
"NAPLES","G",2014,"A"
"NAPLES","G",2015,"B"
"NAPLES","G",2016,"B"
"NAPLES","P",2007,"D"
"NAPLES","P",2008,"D"
"NAPLES","P",2009,"D"
"NAPLES","P",2010,"D"
"NAPLES","P",2011,"D"
"NAPLES","P",2012,"D"
"NAPLES","P",2013,"D"
"NAPLES","P",2014,"D"
"NAPLES","P",2015,"D"
"NAPLES","P",2016,"D"
"NEPTUNE BEACH","P",2005,"C"
"NEPTUNE BEACH","P",2006,"C"
"NEPTUNE BEACH","P",2008,"C"
"NEPTUNE BEACH","P",2009,"C"
"NEPTUNE BEACH","P",2010,"C"
"NEPTUNE BEACH","P",2011,"C"
"NEPTUNE BEACH","P",2012,"C"
"NEPTUNE BEACH","P",2013,"B"
"NEPTUNE BEACH","P",2014,"B"
"NEPTUNE BEACH","P",2015,"B"
"NEPTUNE BEACH","P",2016,"B"
"NEW PORT RICHEY","F",2005,"B"
"NEW PORT RICHEY","F",2007,"A"
"NEW PORT RICHEY","F",2008,"A"
"NEW PORT RICHEY","F",2009,"B"
"NEW PORT RICHEY","P",2005,"C"
"NEW PORT RICHEY","P",2006,"C"
"NEW PORT RICHEY","P",2007,"C"
"NEW PORT RICHEY","P",2008,"C"
"NEW PORT RICHEY","P",2009,"D"
"NEW PORT RICHEY","P",2010,"D"
"NEW PORT RICHEY","P",2011,"D"
"NEW PORT RICHEY","P",2012,"D"
"NEW PORT RICHEY","P",2013,"C"
"NEW PORT RICHEY","P",2014,"C"
"NEW PORT RICHEY","P",2015,"B"
"NEW SMYRNA BEACH","F",2005,"F"
"NEW SMYRNA BEACH","F",2006,"F"
"NEW SMYRNA BEACH","F",2008,"D"
"NEW SMYRNA BEACH","F",2009,"D"
"NEW SMYRNA BEACH","F",2010,"D"
"NEW SMYRNA BEACH","F",2011,"F"
"NEW SMYRNA BEACH","F",2012,"D"
"NEW SMYRNA BEACH","F",2013,"D"
"NEW SMYRNA BEACH","F",2015,"D"
"NEW SMYRNA BEACH","F",2016,"D"
"NORTH MIAMI 691","F",2008,"A"
"NORTH MIAMI 691","F",2012,"B"
"NORTH MIAMI 691","F",2013,"B"
"NORTH MIAMI 691","F",2014,"C"
"NORTH MIAMI 691","F",2015,"C"
"NORTH MIAMI 691","G",2008,"C"
"NORTH MIAMI 691","G",2010,"C"
"NORTH MIAMI 691","G",2012,"C"
"NORTH MIAMI 691","G",2013,"C"
"NORTH MIAMI 691","G",2014,"B"
"NORTH MIAMI 691","G",2015,"B"
"NORTH MIAMI 691","P",2008,"B"
"NORTH MIAMI 691","P",2010,"C"
"NORTH MIAMI 691","P",2012,"A"
"NORTH MIAMI 691","P",2013,"A"
"NORTH MIAMI 691","P",2014,"A"
"NORTH MIAMI 691","P",2015,"A"
"NORTH MIAMI 748","P",2005,"A"
"NORTH MIAMI 748","P",2006,"C"
"NORTH MIAMI 748","P",2008,"C"
"NORTH MIAMI 748","P",2010,"F"
"NORTH MIAMI 748","P",2012,"D"
"NORTH MIAMI 748","P",2013,"D"
"NORTH MIAMI 748","P",2014,"D"
"NORTH MIAMI BEACH","G",2005,"C"
"NORTH MIAMI BEACH","G",2006,"C"
"NORTH MIAMI BEACH","G",2008,"C"
"NORTH MIAMI BEACH","G",2010,"C"
"NORTH MIAMI BEACH","G",2011,"F"
"NORTH MIAMI BEACH","G",2012,"C"
"NORTH MIAMI BEACH","G",2013,"C"
"NORTH MIAMI BEACH","G",2014,"C"
"NORTH MIAMI BEACH","G",2015,"C"
"NORTH MIAMI BEACH","PF",2008,"D"
"NORTH MIAMI BEACH","PF",2010,"F"
"NORTH MIAMI BEACH","PF",2012,"D"
"NORTH MIAMI BEACH","PF",2014,"D"
"NORTH MIAMI BEACH","PF",2016,"D"
"NORTH PORT","F",2005,"C"
"NORTH PORT","F",2006,"C"
"NORTH PORT","F",2007,"B"
"NORTH PORT","F",2008,"B"
"NORTH PORT","F",2009,"C"
"NORTH PORT","F",2010,"C"
"NORTH PORT","F",2011,"C"
"NORTH PORT","F",2012,"B"
"NORTH PORT","F",2013,"B"
"NORTH PORT","F",2014,"A"
"NORTH PORT","F",2015,"B"
"NORTH PORT","F",2016,"B"
"NORTH PORT","P",2006,"C"
"NORTH PORT","P",2007,"C"
"NORTH PORT","P",2008,"C"
"NORTH PORT","P",2009,"C"
"NORTH PORT","P",2010,"C"
"NORTH PORT","P",2011,"C"
"NORTH PORT","P",2012,"C"
"NORTH PORT","P",2013,"B"
"NORTH PORT","P",2014,"A"
"NORTH PORT","P",2015,"A"
"NORTH PORT","P",2016,"A"
"OAKLAND PARK","G",2005,"C"
"OAKLAND PARK","G",2006,"C"
"OAKLAND PARK","G",2007,"F"
"OAKLAND PARK","G",2008,"F"
"OAKLAND PARK","G",2009,"F"
"OAKLAND PARK","G",2010,"F"
"OAKLAND PARK","PF",2007,"C"
"OAKLAND PARK","PF",2009,"D"
"OAKLAND PARK","PF",2010,"D"
"OAKLAND PARK","PF",2011,"D"
"OAKLAND PARK","PF",2012,"C"
"OAKLAND PARK","PF",2013,"C"
"OAKLAND PARK","PF",2014,"C"
"OAKLAND PARK","PF",2015,"C"
"OAKLAND PARK","PF",2016,"C"
"OCALA","F",2005,"C"
"OCALA","F",2006,"C"
"OCALA","F",2007,"B"
"OCALA","F",2008,"C"
"OCALA","F",2009,"C"
"OCALA","F",2010,"C"
"OCALA","F",2013,"C"
"OCALA","F",2014,"C"
"OCALA","F",2015,"C"
"OCALA","F",2016,"C"
"OCALA","G",2005,"D"
"OCALA","G",2006,"C"
"OCALA","G",2008,"D"
"OCALA","G",2009,"F"
"OCALA","G",2010,"F"
"OCALA","G",2012,"F"
"OCALA","G",2013,"F"
"OCALA","G",2014,"F"
"OCALA","G",2015,"F"
"OCALA","G",2016,"D"
"OCALA","P",2005,"C"
"OCALA","P",2006,"C"
"OCALA","P",2007,"C"
"OCALA","P",2008,"C"
"OCALA","P",2009,"D"
"OCALA","P",2010,"D"
"OCALA","P",2011,"F"
"OCALA","P",2012,"D"
"OCALA","P",2013,"D"
"OCALA","P",2015,"D"
"OCALA","P",2016,"D"
"OCOEE","G",2005,"B"
"OCOEE","G",2006,"A"
"OCOEE","G",2008,"B"
"OCOEE","G",2009,"B"
"OCOEE","G",2010,"B"
"OCOEE","G",2011,"C"
"OCOEE","G",2012,"B"
"OCOEE","G",2013,"A"
"OCOEE","G",2014,"A"
"OCOEE","G",2015,"A"
"OCOEE","G",2016,"A"
"OCOEE","PF",2008,"C"
"OCOEE","PF",2009,"C"
"OCOEE","PF",2010,"C"
"OCOEE","PF",2011,"D"
"OCOEE","PF",2012,"C"
"OCOEE","PF",2013,"C"
"OCOEE","PF",2014,"B"
"OCOEE","PF",2015,"B"
"OCOEE","PF",2016,"B"
"ORANGE PARK","F",2005,"B"
"ORANGE PARK","F",2006,"B"
"ORANGE PARK","F",2007,"B"
"ORANGE PARK","F",2008,"B"
"ORANGE PARK","F",2009,"C"
"ORANGE PARK","F",2010,"C"
"ORANGE PARK","F",2011,"D"
"ORANGE PARK","F",2012,"D"
"ORANGE PARK","F",2013,"B"
"ORANGE PARK","F",2015,"B"
"ORANGE PARK","F",2016,"A"
"ORANGE PARK","G",2008,"C"
"ORANGE PARK","G",2009,"D"
"ORANGE PARK","G",2010,"D"
"ORANGE PARK","G",2011,"D"
"ORANGE PARK","G",2014,"C"
"ORANGE PARK","G",2015,"C"
"ORANGE PARK","G",2016,"A"
"ORANGE PARK","P",2006,"C"
"ORANGE PARK","P",2007,"B"
"ORANGE PARK","P",2008,"C"
"ORANGE PARK","P",2009,"C"
"ORANGE PARK","P",2010,"D"
"ORANGE PARK","P",2011,"D"
"ORANGE PARK","P",2013,"C"
"ORANGE PARK","P",2014,"B"
"ORANGE PARK","P",2015,"B"
"ORANGE PARK","P",2016,"B"
"ORLANDO","F",2008,"B"
"ORLANDO","F",2009,"B"
"ORLANDO","F",2010,"C"
"ORLANDO","F",2011,"C"
"ORLANDO","F",2012,"C"
"ORLANDO","F",2013,"B"
"ORLANDO","F",2014,"B"
"ORLANDO","F",2015,"C"
"ORLANDO","F",2016,"C"
"ORLANDO","P",2008,"B"
"ORLANDO","P",2009,"B"
"ORLANDO","P",2010,"C"
"ORLANDO","P",2011,"C"
"ORLANDO","P",2012,"C"
"ORLANDO","P",2013,"C"
"ORLANDO","P",2014,"B"
"ORLANDO","P",2015,"B"
"ORLANDO","P",2016,"C"
"ORMOND BEACH","F",2005,"D"
"ORMOND BEACH","F",2006,"C"
"ORMOND BEACH","F",2007,"C"
"ORMOND BEACH","F",2008,"D"
"ORMOND BEACH","F",2010,"F"
"ORMOND BEACH","F",2011,"D"
"ORMOND BEACH","F",2012,"C"
"ORMOND BEACH","F",2013,"C"
"ORMOND BEACH","F",2014,"C"
"ORMOND BEACH","F",2015,"C"
"ORMOND BEACH","F",2016,"C"
"ORMOND BEACH","G",2005,"A"
"ORMOND BEACH","G",2006,"A"
"ORMOND BEACH","G",2008,"A"
"ORMOND BEACH","G",2009,"C"
"ORMOND BEACH","G",2010,"C"
"ORMOND BEACH","G",2011,"C"
"ORMOND BEACH","G",2012,"C"
"ORMOND BEACH","G",2013,"C"
"ORMOND BEACH","G",2014,"B"
"ORMOND BEACH","G",2015,"C"
"ORMOND BEACH","G",2016,"C"
"ORMOND BEACH","P",2005,"B"
"ORMOND BEACH","P",2006,"B"
"ORMOND BEACH","P",2008,"B"
"ORMOND BEACH","P",2009,"B"
"ORMOND BEACH","P",2010,"D"
"ORMOND BEACH","P",2011,"D"
"ORMOND BEACH","P",2012,"C"
"ORMOND BEACH","P",2013,"C"
"ORMOND BEACH","P",2015,"C"
"ORMOND BEACH","P",2016,"C"
"OVIEDO","P",2005,"B"
"OVIEDO","P",2006,"B"
"OVIEDO","P",2007,"A"
"OVIEDO","P",2008,"A"
"OVIEDO","P",2009,"B"
"OVIEDO","P",2010,"C"
"OVIEDO","P",2011,"C"
"OVIEDO","P",2012,"C"
"OVIEDO","P",2013,"B"
"OVIEDO","P",2014,"A"
"OVIEDO","P",2015,"A"
"OVIEDO","P",2016,"A"
"PALATKA","F",2008,"B"
"PALATKA","F",2009,"B"
"PALATKA","F",2010,"C"
"PALATKA","F",2011,"D"
"PALATKA","F",2012,"D"
"PALATKA","F",2013,"D"
"PALATKA","F",2014,"C"
"PALATKA","F",2015,"D"
"PALATKA","F",2016,"D"
"PALATKA","G",2009,"A"
"PALATKA","G",2010,"C"
"PALATKA","G",2011,"C"
"PALATKA","G",2012,"D"
"PALATKA","G",2014,"B"
"PALATKA","G",2015,"C"
"PALATKA","G",2016,"C"
"PALATKA","P",2009,"A"
"PALATKA","P",2010,"A"
"PALATKA","P",2011,"B"
"PALATKA","P",2012,"A"
"PALATKA","P",2013,"A"
"PALATKA","P",2014,"A"
"PALATKA","P",2015,"A"
"PALATKA","P",2016,"A"
"PALM BAY","F",2006,"C"
"PALM BAY","F",2008,"B"
"PALM BAY","F",2009,"B"
"PALM BAY","F",2010,"B"
"PALM BAY","F",2011,"D"
"PALM BAY","F",2012,"C"
"PALM BAY","F",2013,"C"
"PALM BAY","F",2014,"C"
"PALM BAY","F",2015,"C"
"PALM BAY","F",2016,"B"
"PALM BAY","P",2008,"A"
"PALM BAY","P",2009,"B"
"PALM BAY","P",2010,"B"
"PALM BAY","P",2011,"C"
"PALM BAY","P",2012,"C"
"PALM BAY","P",2013,"B"
"PALM BAY","P",2014,"B"
"PALM BAY","P",2015,"B"
"PALM BAY","P",2016,"B"
"PALM BEACH","F",2008,"C"
"PALM BEACH","F",2009,"D"
"PALM BEACH","F",2010,"D"
"PALM BEACH","F",2011,"D"
"PALM BEACH","F",2012,"D"
"PALM BEACH","F",2013,"D"
"PALM BEACH","F",2014,"D"
"PALM BEACH","F",2015,"D"
"PALM BEACH","F",2016,"D"
"PALM BEACH","G",2008,"A"
"PALM BEACH","G",2011,"A"
"PALM BEACH","G",2012,"B"
"PALM BEACH","G",2013,"B"
"PALM BEACH","G",2014,"A"
"PALM BEACH","G",2015,"C"
"PALM BEACH","G",2016,"C"
"PALM BEACH","LG",2008,"C"
"PALM BEACH","LG",2011,"D"
"PALM BEACH","LG",2012,"D"
"PALM BEACH","LG",2013,"D"
"PALM BEACH","LG",2014,"D"
"PALM BEACH","LG",2015,"D"
"PALM BEACH","LG",2016,"D"
"PALM BEACH","P",2008,"B"
"PALM BEACH","P",2009,"B"
"PALM BEACH","P",2010,"C"
"PALM BEACH","P",2011,"C"
"PALM BEACH","P",2012,"C"
"PALM BEACH","P",2014,"D"
"PALM BEACH","P",2015,"D"
"PALM BEACH","P",2016,"C"
"PALM BEACH GARDENS","F",2005,"D"
"PALM BEACH GARDENS","F",2007,"D"
"PALM BEACH GARDENS","F",2008,"D"
"PALM BEACH GARDENS","F",2009,"D"
"PALM BEACH GARDENS","F",2010,"C"
"PALM BEACH GARDENS","F",2011,"D"
"PALM BEACH GARDENS","F",2012,"D"
"PALM BEACH GARDENS","F",2013,"C"
"PALM BEACH GARDENS","F",2014,"B"
"PALM BEACH GARDENS","F",2015,"B"
"PALM BEACH GARDENS","F",2016,"C"
"PALM BEACH GARDENS","G",2005,"C"
"PALM BEACH GARDENS","G",2006,"C"
"PALM BEACH GARDENS","G",2007,"C"
"PALM BEACH GARDENS","G",2008,"C"
"PALM BEACH GARDENS","P",2007,"D"
"PALM BEACH GARDENS","P",2009,"D"
"PALM BEACH GARDENS","P",2010,"D"
"PALM BEACH GARDENS","P",2011,"D"
"PALM BEACH GARDENS","P",2013,"C"
"PALM BEACH GARDENS","P",2014,"C"
"PALM BEACH GARDENS","P",2015,"C"
"PALM COAST","F",2008,"A"
"PALM COAST","F",2010,"B"
"PALM COAST","F",2011,"B"
"PALM COAST","F",2012,"A"
"PALM COAST","F",2013,"A"
"PALM COAST","F",2015,"A"
"PALM COAST","F",2016,"A"
"PALM SPRINGS","G",2005,"B"
"PALM SPRINGS","G",2006,"C"
"PALM SPRINGS","G",2007,"C"
"PALM SPRINGS","PF",2005,"F"
"PALM SPRINGS","PF",2006,"F"
"PALMETTO","G",2005,"A"
"PALMETTO","G",2006,"A"
"PALMETTO","G",2007,"B"
"PALMETTO","G",2008,"B"
"PALMETTO","G",2009,"B"
"PALMETTO","G",2010,"C"
"PALMETTO","G",2011,"D"
"PALMETTO","G",2012,"C"
"PALMETTO","G",2013,"C"
"PALMETTO","G",2014,"C"
"PALMETTO","G",2015,"C"
"PALMETTO","G",2016,"B"
"PALMETTO","P",2005,"A"
"PALMETTO","P",2006,"A"
"PALMETTO","P",2007,"A"
"PALMETTO","P",2008,"A"
"PALMETTO","P",2009,"A"
"PALMETTO","P",2010,"C"
"PALMETTO","P",2011,"C"
"PALMETTO","P",2012,"B"
"PALMETTO","P",2013,"B"
"PALMETTO","P",2014,"B"
"PALMETTO","P",2015,"B"
"PALMETTO","P",2016,"B"
"PANAMA CITY","F",2005,"D"
"PANAMA CITY","F",2006,"D"
"PANAMA CITY","F",2007,"C"
"PANAMA CITY","F",2008,"C"
"PANAMA CITY","F",2009,"D"
"PANAMA CITY","F",2010,"D"
"PANAMA CITY","F",2011,"F"
"PANAMA CITY","F",2012,"D"
"PANAMA CITY","F",2013,"D"
"PANAMA CITY","F",2015,"D"
"PANAMA CITY","F",2016,"D"
"PANAMA CITY","P",2005,"B"
"PANAMA CITY","P",2006,"B"
"PANAMA CITY","P",2007,"B"
"PANAMA CITY","P",2008,"B"
"PANAMA CITY","P",2009,"B"
"PANAMA CITY","P",2010,"D"
"PANAMA CITY","P",2011,"D"
"PANAMA CITY","P",2012,"D"
"PANAMA CITY","P",2013,"B"
"PANAMA CITY","P",2015,"C"
"PANAMA CITY","P",2016,"C"
"PARKLAND","P",2008,"D"
"PARKLAND","P",2009,"D"
"PARKLAND","P",2010,"B"
"PARKLAND","P",2014,"C"
"PARKLAND","P",2015,"C"
"PARKLAND","P",2016,"C"
"PEMBROKE PINES","G",2012,"B"
"PEMBROKE PINES","G",2013,"A"
"PEMBROKE PINES","G",2014,"A"
"PEMBROKE PINES","G",2015,"A"
"PEMBROKE PINES","PF",2011,"F"
"PEMBROKE PINES","PF",2012,"D"
"PEMBROKE PINES","PF",2013,"D"
"PEMBROKE PINES","PF",2014,"D"
"PEMBROKE PINES","PF",2015,"D"
"PENSACOLA","F",2007,"C"
"PENSACOLA","F",2008,"C"
"PENSACOLA","F",2009,"C"
"PENSACOLA","F",2010,"C"
"PENSACOLA","F",2013,"C"
"PENSACOLA","F",2014,"C"
"PENSACOLA","F",2015,"B"
"PENSACOLA","F",2016,"B"
"PENSACOLA","G",2005,"D"
"PENSACOLA","G",2006,"D"
"PENSACOLA","G",2008,"D"
"PENSACOLA","G",2009,"D"
"PENSACOLA","G",2010,"D"
"PENSACOLA","G",2012,"D"
"PENSACOLA","G",2014,"D"
"PENSACOLA","G",2016,"C"
"PENSACOLA","P",2012,"D"
"PENSACOLA","P",2013,"C"
"PENSACOLA","P",2014,"C"
"PENSACOLA","P",2015,"C"
"PERRY","F",2010,"D"
"PERRY","F",2011,"F"
"PERRY","F",2012,"D"
"PERRY","F",2013,"D"
"PERRY","F",2015,"B"
"PERRY","F",2016,"C"
"PERRY","P",2006,"A"
"PERRY","P",2008,"A"
"PERRY","P",2010,"B"
"PERRY","P",2011,"D"
"PERRY","P",2012,"C"
"PERRY","P",2013,"B"
"PERRY","P",2015,"B"
"PERRY","P",2016,"A"
"PINELLAS PARK","F",2005,"C"
"PINELLAS PARK","F",2006,"D"
"PINELLAS PARK","F",2008,"D"
"PINELLAS PARK","F",2009,"D"
"PINELLAS PARK","F",2010,"D"
"PINELLAS PARK","F",2011,"D"
"PINELLAS PARK","F",2012,"C"
"PINELLAS PARK","F",2013,"C"
"PINELLAS PARK","F",2014,"C"
"PINELLAS PARK","F",2015,"C"
"PINELLAS PARK","F",2016,"C"
"PINELLAS PARK","G",2005,"A"
"PINELLAS PARK","G",2006,"A"
"PINELLAS PARK","G",2007,"A"
"PINELLAS PARK","G",2009,"A"
"PINELLAS PARK","G",2010,"B"
"PINELLAS PARK","G",2011,"C"
"PINELLAS PARK","G",2012,"B"
"PINELLAS PARK","G",2014,"A"
"PINELLAS PARK","G",2015,"A"
"PINELLAS PARK","G",2016,"A"
"PINELLAS PARK","P",2006,"A"
"PINELLAS PARK","P",2007,"A"
"PINELLAS PARK","P",2009,"B"
"PINELLAS PARK","P",2010,"C"
"PINELLAS PARK","P",2011,"C"
"PINELLAS PARK","P",2012,"B"
"PINELLAS PARK","P",2014,"A"
"PINELLAS PARK","P",2015,"A"
"PLANT CITY","PF",2005,"F"
"PLANT CITY","PF",2006,"D"
"PLANT CITY","PF",2007,"D"
"PLANT CITY","PF",2008,"D"
"PLANT CITY","PF",2009,"F"
"PLANT CITY","PF",2010,"F"
"PLANT CITY","PF",2011,"F"
"PLANT CITY","PF",2012,"D"
"PLANT CITY","PF",2013,"C"
"PLANT CITY","PF",2014,"C"
"PLANT CITY","PF",2015,"C"
"PLANT CITY","PF",2016,"C"
"PLANTATION","G",2005,"A"
"PLANTATION","G",2006,"A"
"PLANTATION","G",2007,"A"
"PLANTATION","G",2008,"A"
"PLANTATION","G",2009,"A"
"PLANTATION","G",2010,"B"
"PLANTATION","G",2011,"C"
"PLANTATION","G",2012,"C"
"PLANTATION","G",2013,"C"
"PLANTATION","G",2014,"B"
"PLANTATION","G",2015,"C"
"PLANTATION","P",2007,"C"
"PLANTATION","P",2008,"C"
"PLANTATION","P",2009,"C"
"PLANTATION","P",2010,"C"
"PLANTATION","P",2011,"D"
"PLANTATION","P",2012,"C"
"PLANTATION","P",2013,"C"
"PLANTATION","P",2014,"C"
"PLANTATION","P",2015,"C"
"PLANTATION","P",2016,"C"
"POMPANO BEACH","F",2007,"D"
"POMPANO BEACH","F",2009,"D"
"POMPANO BEACH","F",2010,"D"
"POMPANO BEACH","F",2011,"D"
"POMPANO BEACH","F",2012,"C"
"POMPANO BEACH","F",2013,"C"
"POMPANO BEACH","F",2014,"B"
"POMPANO BEACH","F",2015,"C"
"POMPANO BEACH","G",2005,"A"
"POMPANO BEACH","G",2007,"A"
"POMPANO BEACH","G",2008,"B"
"POMPANO BEACH","G",2009,"C"
"POMPANO BEACH","G",2010,"C"
"POMPANO BEACH","G",2011,"F"
"POMPANO BEACH","G",2012,"D"
"POMPANO BEACH","G",2013,"D"
"POMPANO BEACH","G",2014,"D"
"POMPANO BEACH","G",2015,"D"
"POMPANO BEACH","G",2016,"D"
"POMPANO BEACH","P",2009,"D"
"POMPANO BEACH","P",2010,"D"
"POMPANO BEACH","P",2011,"D"
"POMPANO BEACH","P",2012,"C"
"POMPANO BEACH","P",2013,"C"
"POMPANO BEACH","P",2014,"C"
"POMPANO BEACH","P",2015,"C"
"POMPANO BEACH","PF",2016,"C"
"PONCE INLET","F",2008,"A"
"PONCE INLET","F",2010,"B"
"PORT ORANGE","F",2005,"F"
"PORT ORANGE","F",2006,"F"
"PORT ORANGE","F",2007,"F"
"PORT ORANGE","F",2008,"F"
"PORT ORANGE","F",2009,"F"
"PORT ORANGE","F",2010,"F"
"PORT ORANGE","F",2011,"F"
"PORT ORANGE","F",2012,"F"
"PORT ORANGE","F",2013,"F"
"PORT ORANGE","F",2014,"F"
"PORT ORANGE","F",2015,"F"
"PORT ORANGE","F",2016,"D"
"PORT ORANGE","P",2007,"F"
"PORT ORANGE","P",2009,"F"
"PORT ORANGE","P",2012,"D"
"PORT ORANGE","P",2013,"C"
"PORT ORANGE","P",2014,"C"
"PORT ORANGE","P",2015,"C"
"PORT ST. LUCIE","P",2005,"D"
"PORT ST. LUCIE","P",2006,"B"
"PORT ST. LUCIE","P",2008,"B"
"PORT ST. LUCIE","P",2009,"C"
"PORT ST. LUCIE","P",2010,"C"
"PORT ST. LUCIE","P",2012,"C"
"PORT ST. LUCIE","P",2013,"C"
"PORT ST. LUCIE","P",2014,"B"
"PORT ST. LUCIE","P",2015,"C"
"PORT ST. LUCIE","P",2016,"C"
"PUNTA GORDA","F",2005,"C"
"PUNTA GORDA","F",2006,"C"
"PUNTA GORDA","F",2007,"C"
"PUNTA GORDA","F",2008,"C"
"PUNTA GORDA","F",2009,"C"
"PUNTA GORDA","F",2010,"D"
"PUNTA GORDA","F",2011,"F"
"PUNTA GORDA","F",2012,"D"
"PUNTA GORDA","F",2013,"C"
"PUNTA GORDA","F",2015,"B"
"PUNTA GORDA","F",2016,"B"
"PUNTA GORDA","G",2005,"B"
"PUNTA GORDA","G",2006,"B"
"PUNTA GORDA","G",2007,"A"
"PUNTA GORDA","G",2008,"B"
"PUNTA GORDA","G",2009,"B"
"PUNTA GORDA","G",2010,"B"
"PUNTA GORDA","G",2011,"C"
"PUNTA GORDA","G",2012,"C"
"PUNTA GORDA","G",2013,"B"
"PUNTA GORDA","G",2014,"B"
"PUNTA GORDA","G",2015,"B"
"PUNTA GORDA","G",2016,"B"
"QUINCY","PF",2013,"C"
"QUINCY","PF",2015,"C"
"RIVIERA BEACH","F",2006,"B"
"RIVIERA BEACH","F",2007,"B"
"RIVIERA BEACH","F",2008,"B"
"RIVIERA BEACH","F",2009,"B"
"RIVIERA BEACH","F",2011,"C"
"RIVIERA BEACH","F",2012,"B"
"RIVIERA BEACH","F",2013,"B"
"RIVIERA BEACH","F",2014,"B"
"RIVIERA BEACH","F",2016,"A"
"RIVIERA BEACH","G",2008,"C"
"RIVIERA BEACH","G",2009,"D"
"RIVIERA BEACH","G",2010,"D"
"RIVIERA BEACH","G",2011,"D"
"RIVIERA BEACH","G",2012,"C"
"RIVIERA BEACH","G",2014,"C"
"RIVIERA BEACH","G",2015,"A"
"RIVIERA BEACH","G",2016,"A"
"RIVIERA BEACH","P",2007,"B"
"RIVIERA BEACH","P",2011,"C"
"RIVIERA BEACH","P",2014,"B"
"RIVIERA BEACH","P",2015,"A"
"ROCKLEDGE","F",2007,"A"
"ROCKLEDGE","F",2009,"A"
"ROCKLEDGE","F",2010,"C"
"ROCKLEDGE","F",2012,"D"
"ROCKLEDGE","F",2013,"D"
"ROCKLEDGE","F",2014,"D"
"ROCKLEDGE","F",2015,"D"
"ROCKLEDGE","G",2006,"A"
"ROCKLEDGE","G",2007,"A"
"ROCKLEDGE","G",2008,"A"
"ROCKLEDGE","G",2010,"A"
"ROCKLEDGE","G",2012,"A"
"ROCKLEDGE","G",2013,"A"
"ROCKLEDGE","G",2014,"A"
"ROCKLEDGE","G",2015,"B"
"ROCKLEDGE","P",2007,"A"
"ROCKLEDGE","P",2009,"A"
"ROCKLEDGE","P",2010,"A"
"ROCKLEDGE","P",2012,"A"
"ROCKLEDGE","P",2013,"A"
"ROCKLEDGE","P",2014,"A"
"ROCKLEDGE","P",2015,"A"
"SAINT AUGUSTINE","G",2008,"A"
"SAINT AUGUSTINE","G",2009,"A"
"SAINT AUGUSTINE","G",2011,"B"
"SAINT AUGUSTINE","G",2013,"B"
"SAINT AUGUSTINE","G",2014,"B"
"SAINT AUGUSTINE","G",2015,"C"
"SAINT AUGUSTINE","P",2009,"A"
"SAINT AUGUSTINE","P",2010,"A"
"SAINT AUGUSTINE","P",2011,"A"
"SAINT AUGUSTINE","P",2012,"A"
"SAINT AUGUSTINE","P",2014,"A"
"SAINT AUGUSTINE","P",2015,"A"
"SAINT CLOUD","G",2008,"A"
"SAINT CLOUD","G",2009,"A"
"SAINT CLOUD","G",2010,"B"
"SAINT CLOUD","G",2011,"B"
"SAINT CLOUD","G",2012,"B"
"SAINT CLOUD","G",2013,"A"
"SAINT CLOUD","G",2014,"A"
"SAINT CLOUD","G",2015,"A"
"SAINT CLOUD","G",2016,"A"
"SAINT CLOUD","PF",2008,"B"
"SAINT CLOUD","PF",2009,"C"
"SAINT CLOUD","PF",2010,"C"
"SAINT CLOUD","PF",2011,"D"
"SAINT CLOUD","PF",2012,"D"
"SAINT CLOUD","PF",2013,"C"
"SAINT CLOUD","PF",2014,"B"
"SAINT CLOUD","PF",2015,"B"
"SAINT CLOUD","PF",2016,"C"
"SAINT PETE BEACH","F",2008,"D"
"SAINT PETE BEACH","F",2010,"F"
"SAINT PETE BEACH","F",2012,"D"
"SAINT PETE BEACH","F",2013,"D"
"SAINT PETE BEACH","F",2014,"C"
"SAINT PETE BEACH","F",2015,"D"
"SAINT PETE BEACH","F",2016,"D"
"SAINT PETE BEACH","G",2008,"D"
"SAINT PETE BEACH","G",2009,"D"
"SAINT PETE BEACH","G",2010,"D"
"SAINT PETE BEACH","G",2012,"D"
"SAINT PETE BEACH","G",2013,"D"
"SAINT PETE BEACH","G",2014,"D"
"SAINT PETE BEACH","G",2015,"D"
"SAINT PETE BEACH","G",2016,"D"
"SAINT PETE BEACH","P",2008,"D"
"SAINT PETE BEACH","P",2009,"D"
"SAINT PETE BEACH","P",2010,"D"
"SAINT PETE BEACH","P",2011,"F"
"SAINT PETE BEACH","P",2012,"D"
"SAINT PETE BEACH","P",2014,"D"
"SAINT PETE BEACH","P",2015,"D"
"SAINT PETE BEACH","P",2016,"D"
"SAINT PETERSBURG","F",2008,"B"
"SAINT PETERSBURG","F",2009,"B"
"SAINT PETERSBURG","F",2010,"C"
"SAINT PETERSBURG","F",2011,"D"
"SAINT PETERSBURG","F",2012,"B"
"SAINT PETERSBURG","F",2013,"B"
"SAINT PETERSBURG","F",2014,"B"
"SAINT PETERSBURG","F",2015,"A"
"SAINT PETERSBURG","F",2016,"A"
"SAINT PETERSBURG","G",2009,"A"
"SAINT PETERSBURG","G",2010,"B"
"SAINT PETERSBURG","G",2011,"C"
"SAINT PETERSBURG","G",2012,"A"
"SAINT PETERSBURG","G",2013,"A"
"SAINT PETERSBURG","G",2014,"A"
"SAINT PETERSBURG","G",2015,"A"
"SAINT PETERSBURG","G",2016,"A"
"SAINT PETERSBURG","P",2008,"B"
"SAINT PETERSBURG","P",2009,"B"
"SAINT PETERSBURG","P",2010,"B"
"SAINT PETERSBURG","P",2011,"C"
"SAINT PETERSBURG","P",2012,"B"
"SAINT PETERSBURG","P",2013,"B"
"SAINT PETERSBURG","P",2014,"B"
"SAINT PETERSBURG","P",2015,"B"
"SAINT PETERSBURG","P",2016,"B"
"SANFORD","F",2005,"C"
"SANFORD","F",2006,"C"
"SANFORD","F",2008,"C"
"SANFORD","F",2009,"D"
"SANFORD","F",2010,"D"
"SANFORD","F",2011,"D"
"SANFORD","F",2012,"D"
"SANFORD","F",2013,"C"
"SANFORD","F",2015,"B"
"SANFORD","F",2016,"B"
"SANFORD","P",2005,"C"
"SANFORD","P",2008,"C"
"SANFORD","P",2009,"C"
"SANFORD","P",2010,"C"
"SANFORD","P",2011,"D"
"SANFORD","P",2012,"C"
"SANFORD","P",2013,"B"
"SANFORD","P",2015,"A"
"SANFORD","P",2016,"A"
"SANIBEL","G",2005,"B"
"SANIBEL","G",2006,"C"
"SANIBEL","G",2007,"C"
"SANIBEL","G",2008,"D"
"SANIBEL","G",2009,"F"
"SANIBEL","G",2010,"F"
"SANIBEL","G",2011,"F"
"SANIBEL","G",2012,"C"
"SANIBEL","G",2013,"C"
"SANIBEL","G",2014,"B"
"SANIBEL","G",2015,"B"
"SANIBEL","G",2016,"C"
"SANIBEL","P",2005,"C"
"SANIBEL","P",2006,"D"
"SANIBEL","P",2008,"F"
"SANIBEL","P",2009,"D"
"SANIBEL","P",2010,"F"
"SANIBEL","P",2011,"F"
"SANIBEL","P",2012,"D"
"SANIBEL","P",2013,"C"
"SANIBEL","P",2014,"C"
"SANIBEL","P",2015,"C"
"SANIBEL","P",2016,"C"
"SARASOTA","F",2006,"D"
"SARASOTA","F",2007,"B"
"SARASOTA","F",2008,"D"
"SARASOTA","F",2009,"D"
"SARASOTA","F",2010,"D"
"SARASOTA","F",2011,"D"
"SARASOTA","F",2012,"D"
"SARASOTA","F",2013,"D"
"SARASOTA","F",2014,"C"
"SARASOTA","F",2015,"D"
"SARASOTA","F",2016,"D"
"SARASOTA","G",2005,"A"
"SARASOTA","G",2006,"A"
"SARASOTA","G",2008,"A"
"SARASOTA","G",2009,"A"
"SARASOTA","G",2010,"B"
"SARASOTA","G",2011,"C"
"SARASOTA","G",2012,"C"
"SARASOTA","G",2013,"C"
"SARASOTA","G",2014,"C"
"SARASOTA","G",2015,"C"
"SARASOTA","G",2016,"C"
"SARASOTA","P",2006,"B"
"SARASOTA","P",2007,"B"
"SARASOTA","P",2008,"B"
"SARASOTA","P",2009,"B"
"SARASOTA","P",2010,"C"
"SARASOTA","P",2011,"D"
"SARASOTA","P",2012,"C"
"SARASOTA","P",2013,"C"
"SARASOTA","P",2014,"B"
"SARASOTA","P",2015,"C"
"SARASOTA","P",2016,"B"
"SATELLITE BEACH","G",2007,"C"
"SATELLITE BEACH","G",2008,"C"
"SATELLITE BEACH","G",2009,"C"
"SATELLITE BEACH","G",2010,"D"
"SATELLITE BEACH","G",2011,"D"
"SATELLITE BEACH","PF",2007,"C"
"SATELLITE BEACH","PF",2008,"C"
"SATELLITE BEACH","PF",2009,"C"
"SATELLITE BEACH","PF",2010,"C"
"SATELLITE BEACH","PF",2011,"D"
"SATELLITE BEACH","PF",2012,"C"
"SATELLITE BEACH","PF",2013,"C"
"SATELLITE BEACH","PF",2014,"C"
"SATELLITE BEACH","PF",2015,"C"
"SATELLITE BEACH","PF",2016,"C"
"SEBASTIAN","P",2015,"A"
"SEBASTIAN","P",2016,"A"
"SEMINOLE","F",2011,"B"
"SEMINOLE","F",2012,"B"
"SEMINOLE","F",2013,"A"
"SEMINOLE","F",2014,"A"
"SEMINOLE","F",2015,"A"
"SEMINOLE","F",2016,"B"
"SOUTH MIAMI","G",2005,"B"
"SOUTH MIAMI","G",2008,"A"
"SOUTH MIAMI","G",2009,"B"
"SOUTH MIAMI","G",2010,"B"
"SOUTH MIAMI","G",2011,"B"
"SOUTH MIAMI","G",2012,"A"
"SOUTH MIAMI","G",2013,"A"
"SOUTH MIAMI","G",2014,"A"
"SOUTH MIAMI","G",2015,"A"
"SOUTH MIAMI","P",2005,"B"
"SOUTH MIAMI","P",2008,"C"
"SOUTH MIAMI","P",2009,"C"
"SOUTH MIAMI","P",2010,"C"
"SOUTH MIAMI","P",2011,"C"
"SOUTH MIAMI","P",2012,"C"
"SOUTH MIAMI","P",2013,"B"
"SOUTH MIAMI","P",2014,"A"
"SOUTH MIAMI","P",2015,"A"
"SOUTH PASADENA","F",2005,"B"
"SOUTH PASADENA","F",2006,"B"
"SOUTH PASADENA","F",2007,"C"
"SOUTH PASADENA","F",2008,"C"
"SOUTH PASADENA","F",2009,"D"
"SOUTH PASADENA","F",2010,"D"
"SOUTH PASADENA","F",2011,"D"
"SOUTH PASADENA","F",2012,"D"
"SOUTH PASADENA","F",2014,"B"
"SOUTH PASADENA","F",2015,"C"
"SOUTH PASADENA","F",2016,"C"
"ST. AUGUSTINE","P",2006,"A"
"ST. CLOUD","G",2005,"A"
"ST. CLOUD","G",2006,"A"
"ST. CLOUD","G",2007,"A"
"ST. CLOUD","PF",2005,"B"
"ST. CLOUD","PF",2006,"A"
"ST. CLOUD","PF",2007,"A"
"ST. PETE BEACH","F",2005,"D"
"ST. PETE BEACH","F",2006,"D"
"ST. PETE BEACH","F",2007,"D"
"ST. PETE BEACH","G",2005,"C"
"ST. PETE BEACH","G",2006,"C"
"ST. PETE BEACH","G",2007,"C"
"ST. PETE BEACH","P",2005,"C"
"ST. PETE BEACH","P",2006,"C"
"ST. PETE BEACH","P",2007,"C"
"ST. PETERSBURG","F",2005,"D"
"ST. PETERSBURG","F",2006,"D"
"ST. PETERSBURG","P",2005,"D"
"ST. PETERSBURG","P",2006,"D"
"STARKE","F",2008,"C"
"STARKE","F",2010,"D"
"STARKE","F",2012,"C"
"STARKE","F",2013,"C"
"STARKE","F",2014,"B"
"STARKE","F",2015,"C"
"STARKE","G",2008,"D"
"STARKE","G",2010,"F"
"STARKE","G",2011,"D"
"STARKE","G",2013,"C"
"STARKE","G",2014,"C"
"STARKE","G",2015,"C"
"STARKE","P",2008,"A"
"STARKE","P",2010,"B"
"STARKE","P",2012,"B"
"STARKE","P",2013,"B"
"STARKE","P",2014,"B"
"STARKE","P",2015,"B"
"SUNRISE","F",2007,"C"
"SUNRISE","F",2009,"D"
"SUNRISE","F",2011,"F"
"SUNRISE","F",2013,"D"
"SUNRISE","F",2014,"D"
"SUNRISE","F",2015,"D"
"SUNRISE","G",2009,"C"
"SUNRISE","G",2010,"D"
"SUNRISE","G",2011,"F"
"SUNRISE","G",2013,"C"
"SUNRISE","G",2015,"C"
"SUNRISE","P",2009,"F"
"SUNRISE","P",2010,"F"
"SUNRISE","P",2011,"F"
"SUNRISE","P",2012,"D"
"SUNRISE","P",2013,"D"
"SUNRISE","P",2014,"D"
"SUNRISE","P",2015,"D"
"SUNRISE","P",2016,"C"
"SURFSIDE","G",2008,"A"
"SURFSIDE","G",2009,"A"
"SURFSIDE","G",2010,"A"
"SURFSIDE","G",2011,"A"
"SURFSIDE","G",2012,"A"
"SURFSIDE","G",2013,"A"
"SURFSIDE","G",2014,"A"
"SURFSIDE","G",2015,"A"
"SURFSIDE","P",2008,"A"
"SURFSIDE","P",2009,"A"
"SURFSIDE","P",2010,"A"
"SURFSIDE","P",2011,"B"
"SURFSIDE","P",2012,"A"
"SURFSIDE","P",2013,"A"
"SURFSIDE","P",2014,"A"
"SURFSIDE","P",2015,"A"
"TALLAHASSEE","F",2005,"A"
"TALLAHASSEE","F",2007,"A"
"TALLAHASSEE","F",2009,"B"
"TALLAHASSEE","F",2012,"C"
"TALLAHASSEE","F",2014,"B"
"TALLAHASSEE","G",2005,"A"
"TALLAHASSEE","G",2007,"A"
"TALLAHASSEE","G",2009,"A"
"TALLAHASSEE","G",2012,"A"
"TALLAHASSEE","G",2014,"A"
"TALLAHASSEE","P",2005,"A"
"TALLAHASSEE","P",2007,"A"
"TALLAHASSEE","P",2009,"A"
"TALLAHASSEE","P",2012,"B"
"TALLAHASSEE","P",2014,"B"
"TAMARAC","F",2006,"C"
"TAMARAC","F",2008,"C"
"TAMARAC","F",2010,"C"
"TAMARAC","F",2012,"C"
"TAMARAC","F",2014,"B"
"TAMARAC","F",2015,"B"
"TAMARAC","G",2005,"A"
"TAMARAC","G",2008,"B"
"TAMARAC","G",2010,"B"
"TAMARAC","G",2012,"A"
"TAMARAC","G",2014,"A"
"TAMARAC","G",2015,"A"
"TAMARAC","G",2016,"A"
"TAMARAC","P",2005,"C"
"TAMARAC","P",2010,"F"
"TAMARAC","P",2011,"F"
"TAMARAC","P",2012,"F"
"TAMARAC","P",2014,"F"
"TAMARAC","P",2015,"F"
"TAMARAC - ELECTED","G",2015,"B"
"TAMARAC - ELECTED","G",2016,"B"
"TAMARAC - EXECUTIVE","G",2009,"D"
"TAMARAC - EXECUTIVE","G",2011,"D"
"TAMARAC - EXECUTIVE","G",2013,"C"
"TAMARAC - EXECUTIVE","G",2014,"B"
"TAMPA","PF",2006,"A"
"TAMPA","PF",2008,"A"
"TAMPA","PF",2009,"B"
"TAMPA","PF",2010,"B"
"TAMPA","PF",2012,"B"
"TAMPA","PF",2013,"B"
"TAMPA","PF",2014,"B"
"TAMPA","PF",2015,"B"
"TAMPA","PF",2016,"A"
"TARPON SPRINGS","F",2005,"C"
"TARPON SPRINGS","F",2006,"C"
"TARPON SPRINGS","F",2007,"B"
"TARPON SPRINGS","F",2008,"B"
"TARPON SPRINGS","F",2009,"B"
"TARPON SPRINGS","F",2010,"D"
"TARPON SPRINGS","F",2011,"D"
"TARPON SPRINGS","F",2012,"D"
"TARPON SPRINGS","F",2013,"D"
"TARPON SPRINGS","F",2015,"B"
"TARPON SPRINGS","F",2016,"C"
"TARPON SPRINGS","P",2005,"C"
"TARPON SPRINGS","P",2006,"B"
"TARPON SPRINGS","P",2007,"A"
"TARPON SPRINGS","P",2008,"A"
"TARPON SPRINGS","P",2009,"B"
"TARPON SPRINGS","P",2010,"B"
"TARPON SPRINGS","P",2011,"C"
"TARPON SPRINGS","P",2012,"B"
"TARPON SPRINGS","P",2013,"A"
"TARPON SPRINGS","P",2015,"A"
"TARPON SPRINGS","P",2016,"A"
"TAVARES","F",2006,"C"
"TAVARES","F",2008,"C"
"TAVARES","F",2011,"C"
"TAVARES","F",2012,"C"
"TAVARES","F",2013,"B"
"TAVARES","F",2014,"B"
"TAVARES","F",2015,"B"
"TAVARES","F",2016,"B"
"TAVARES","P",2005,"A"
"TAVARES","P",2006,"C"
"TAVARES","P",2007,"B"
"TAVARES","P",2009,"C"
"TAVARES","P",2011,"C"
"TAVARES","P",2012,"B"
"TAVARES","P",2013,"B"
"TAVARES","P",2014,"B"
"TAVARES","P",2015,"B"
"TAVARES","P",2016,"B"
"TEMPLE TERRACE","F",2005,"B"
"TEMPLE TERRACE","F",2007,"C"
"TEMPLE TERRACE","F",2008,"D"
"TEMPLE TERRACE","F",2010,"D"
"TEMPLE TERRACE","F",2011,"F"
"TEMPLE TERRACE","F",2012,"D"
"TEMPLE TERRACE","F",2013,"D"
"TEMPLE TERRACE","F",2014,"C"
"TEMPLE TERRACE","F",2015,"C"
"TEMPLE TERRACE","F",2016,"C"
"TEMPLE TERRACE","P",2005,"D"
"TEMPLE TERRACE","P",2006,"D"
"TEMPLE TERRACE","P",2007,"D"
"TEMPLE TERRACE","P",2008,"F"
"TEMPLE TERRACE","P",2009,"F"
"TEMPLE TERRACE","P",2010,"F"
"TEMPLE TERRACE","P",2011,"F"
"TEMPLE TERRACE","P",2012,"F"
"TEMPLE TERRACE","P",2013,"D"
"TEMPLE TERRACE","P",2015,"D"
"TEMPLE TERRACE","P",2016,"D"
"TEQUESTA","F",2009,"A"
"TEQUESTA","F",2011,"B"
"TEQUESTA","F",2012,"C"
"TEQUESTA","F",2013,"A"
"TEQUESTA","F",2014,"A"
"TEQUESTA","F",2015,"C"
"TEQUESTA","F",2016,"A"
"TEQUESTA","P",2009,"A"
"TEQUESTA","P",2011,"A"
"TEQUESTA","P",2012,"A"
"TEQUESTA","P",2013,"A"
"TEQUESTA","P",2014,"A"
"TEQUESTA","P",2015,"A"
"TEQUESTA","P",2016,"A"
"TITUSVILLE","G",2005,"A"
"TITUSVILLE","G",2006,"A"
"TITUSVILLE","G",2007,"A"
"TITUSVILLE","G",2008,"C"
"TITUSVILLE","G",2009,"C"
"TITUSVILLE","G",2010,"D"
"TITUSVILLE","G",2011,"F"
"TITUSVILLE","G",2012,"D"
"TITUSVILLE","G",2013,"D"
"TITUSVILLE","G",2014,"B"
"TITUSVILLE","G",2015,"B"
"TITUSVILLE","G",2016,"B"
"TITUSVILLE","PF",2005,"C"
"TITUSVILLE","PF",2006,"C"
"TITUSVILLE","PF",2008,"D"
"TITUSVILLE","PF",2010,"F"
"TITUSVILLE","PF",2011,"F"
"TITUSVILLE","PF",2012,"D"
"TITUSVILLE","PF",2014,"B"
"TITUSVILLE","PF",2015,"B"
"TITUSVILLE","PF",2016,"B"
"VENICE","F",2005,"F"
"VENICE","F",2006,"F"
"VENICE","F",2007,"F"
"VENICE","F",2008,"F"
"VENICE","F",2009,"F"
"VENICE","F",2010,"F"
"VENICE","F",2011,"F"
"VENICE","F",2012,"D"
"VENICE","F",2013,"D"
"VENICE","F",2014,"D"
"VENICE","F",2015,"D"
"VENICE","F",2016,"D"
"VENICE","G",2005,"A"
"VENICE","G",2006,"A"
"VENICE","P",2005,"B"
"VENICE","P",2006,"C"
"VENICE","P",2007,"B"
"VENICE","P",2008,"C"
"VENICE","P",2009,"D"
"VENICE","P",2010,"D"
"VENICE","P",2011,"D"
"VENICE","P",2012,"D"
"VENICE","P",2013,"D"
"VENICE","P",2014,"C"
"VENICE","P",2015,"C"
"VENICE","P",2016,"C"
"VERO BEACH","F",2008,"B"
"VERO BEACH","F",2009,"B"
"VERO BEACH","F",2010,"B"
"VERO BEACH","F",2011,"D"
"VERO BEACH","F",2012,"C"
"VERO BEACH","F",2013,"C"
"VERO BEACH","F",2014,"C"
"VERO BEACH","F",2015,"C"
"VERO BEACH","F",2016,"C"
"VERO BEACH","G",2006,"C"
"VERO BEACH","G",2009,"C"
"VERO BEACH","G",2010,"D"
"VERO BEACH","G",2011,"D"
"VERO BEACH","G",2012,"C"
"VERO BEACH","G",2013,"D"
"VERO BEACH","G",2014,"D"
"VERO BEACH","G",2015,"C"
"VERO BEACH","G",2016,"D"
"VERO BEACH","P",2005,"A"
"VERO BEACH","P",2007,"A"
"VERO BEACH","P",2008,"A"
"VERO BEACH","P",2009,"B"
"VERO BEACH","P",2010,"C"
"VERO BEACH","P",2011,"D"
"VERO BEACH","P",2012,"B"
"VERO BEACH","P",2014,"B"
"VERO BEACH","P",2015,"B"
"VILLAGE OF NORTH PALM BEACH","PF",2016,"B"
"VILLAGE OF PALM SPRINGS","G",2008,"C"
"VILLAGE OF PALM SPRINGS","G",2009,"C"
"VILLAGE OF PALM SPRINGS","G",2010,"C"
"VILLAGE OF PALM SPRINGS","G",2011,"C"
"VILLAGE OF PALM SPRINGS","G",2014,"B"
"VILLAGE OF PALM SPRINGS","G",2016,"B"
"VILLAGE OF PALM SPRINGS","PF",2007,"C"
"VILLAGE OF PALM SPRINGS","PF",2009,"D"
"VILLAGE OF PALM SPRINGS","PF",2010,"D"
"VILLAGE OF PALM SPRINGS","PF",2011,"D"
"VILLAGE OF PALM SPRINGS","PF",2013,"C"
"VILLAGE OF PALM SPRINGS","PF",2015,"C"
"WEST PALM BEACH","F",2005,"D"
"WEST PALM BEACH","F",2008,"D"
"WEST PALM BEACH","F",2009,"D"
"WEST PALM BEACH","F",2010,"D"
"WEST PALM BEACH","F",2011,"C"
"WEST PALM BEACH","F",2012,"D"
"WEST PALM BEACH","F",2013,"D"
"WEST PALM BEACH","F",2014,"D"
"WEST PALM BEACH","F",2015,"D"
"WEST PALM BEACH","F",2016,"D"
"WEST PALM BEACH","P",2005,"B"
"WEST PALM BEACH","P",2007,"A"
"WEST PALM BEACH","P",2008,"A"
"WEST PALM BEACH","P",2011,"D"
"WEST PALM BEACH","P",2012,"D"
"WEST PALM BEACH","P",2013,"C"
"WEST PALM BEACH","P",2014,"C"
"WEST PALM BEACH","P",2015,"C"
"WILLISTON","G",2008,"A"
"WILTON MANORS","F",2007,"D"
"WILTON MANORS","F",2008,"D"
"WILTON MANORS","F",2010,"F"
"WILTON MANORS","F",2011,"F"
"WILTON MANORS","F",2012,"D"
"WILTON MANORS","F",2013,"D"
"WILTON MANORS","F",2016,"A"
"WILTON MANORS","G",2008,"C"
"WILTON MANORS","G",2009,"D"
"WILTON MANORS","G",2010,"C"
"WILTON MANORS","G",2011,"C"
"WILTON MANORS","G",2012,"C"
"WILTON MANORS","G",2013,"B"
"WILTON MANORS","G",2014,"C"
"WILTON MANORS","G",2015,"C"
"WILTON MANORS","G",2016,"C"
"WILTON MANORS","P",2008,"D"
"WILTON MANORS","P",2009,"D"
"WILTON MANORS","P",2010,"D"
"WILTON MANORS","P",2011,"D"
"WILTON MANORS","P",2012,"C"
"WILTON MANORS","P",2013,"C"
"WILTON MANORS","P",2014,"C"
"WILTON MANORS","P",2015,"D"
"WILTON MANORS","P",2016,"C"
"WINTER GARDEN","G",2010,"A"
"WINTER GARDEN","G",2011,"A"
"WINTER GARDEN","G",2012,"A"
"WINTER GARDEN","G",2013,"A"
"WINTER GARDEN","G",2014,"A"
"WINTER GARDEN","G",2015,"A"
"WINTER GARDEN","G",2016,"A"
"WINTER GARDEN","PF",2010,"A"
"WINTER GARDEN","PF",2011,"A"
"WINTER GARDEN","PF",2012,"A"
"WINTER GARDEN","PF",2013,"A"
"WINTER GARDEN","PF",2014,"A"
"WINTER GARDEN","PF",2015,"A"
"WINTER GARDEN","PF",2016,"A"
"WINTER HAVEN","F",2005,"C"
"WINTER HAVEN","F",2006,"D"
"WINTER HAVEN","F",2008,"D"
"WINTER HAVEN","F",2009,"F"
"WINTER HAVEN","F",2010,"F"
"WINTER HAVEN","F",2011,"F"
"WINTER HAVEN","F",2012,"D"
"WINTER HAVEN","F",2013,"D"
"WINTER HAVEN","F",2014,"C"
"WINTER HAVEN","F",2015,"C"
"WINTER HAVEN","F",2016,"C"
"WINTER HAVEN","G",2005,"C"
"WINTER HAVEN","G",2006,"C"
"WINTER HAVEN","G",2008,"C"
"WINTER HAVEN","G",2009,"C"
"WINTER HAVEN","G",2010,"F"
"WINTER HAVEN","G",2011,"F"
"WINTER HAVEN","G",2012,"F"
"WINTER HAVEN","G",2013,"D"
"WINTER HAVEN","G",2014,"D"
"WINTER HAVEN","G",2015,"C"
"WINTER HAVEN","G",2016,"C"
"WINTER HAVEN","P",2005,"C"
"WINTER HAVEN","P",2006,"B"
"WINTER HAVEN","P",2007,"B"
"WINTER HAVEN","P",2008,"C"
"WINTER HAVEN","P",2009,"C"
"WINTER HAVEN","P",2010,"C"
"WINTER HAVEN","P",2011,"C"
"WINTER HAVEN","P",2012,"C"
"WINTER HAVEN","P",2013,"B"
"WINTER HAVEN","P",2014,"A"
"WINTER HAVEN","P",2015,"A"
"WINTER HAVEN","P",2016,"B"
"WINTER PARK","F",2007,"B"
"WINTER PARK","F",2009,"B"
"WINTER PARK","F",2010,"C"
"WINTER PARK","F",2011,"D"
"WINTER PARK","F",2012,"B"
"WINTER PARK","F",2013,"C"
"WINTER PARK","F",2014,"B"
"WINTER PARK","F",2015,"B"
"WINTER PARK","P",2006,"B"
"WINTER PARK","P",2009,"C"
"WINTER PARK","P",2010,"D"
"WINTER PARK","P",2011,"D"
"WINTER PARK","P",2012,"D"
"WINTER PARK","P",2013,"D"
"WINTER PARK","P",2014,"B"
"WINTER PARK","P",2015,"C"
"WINTER SPRINGS","GPF",2008,"D"
"WINTER SPRINGS","GPF",2010,"D"
"WINTER SPRINGS","GPF",2012,"D"
"WINTER SPRINGS","GPF",2013,"D"
"WINTER SPRINGS","GPF",2014,"D"
"WINTER SPRINGS","GPF",2015,"C"
